timeline_time,event_time,event_offset_minutes,timeline_window_role,core_physics_window_state,direction_offset_deg,distance_band,point_count,coarse_low_cloud_valid_count,coarse_low_cloud_mean_pct,coarse_low_cloud_max_pct,coarse_low_cloud_nonzero_point_count,native_time_matched_point_count,native_low_cloud_geometry_point_count,coarse_nonzero_native_no_column_point_count,coarse_nonzero_native_unmatched_point_count,visibility_min_m,relative_humidity_2m_max_pct,precipitation_max,diagnostic_status,diagnostic_role,tau_synthesis_allowed,formation_promotion_allowed,native_temporal_interpolation_allowed
2026-09-14 17:00:21.746064+08:00,2026-09-14 18:00:21.746064+08:00,-60,PRE_EVENT,PRE_CORE_EVENT_DIAGNOSTIC,-5.0,EXTENDED_GT40_100KM,6,6,30.779974935555554,58.78857993333333,6,0,0,0,6,14916.617278933334,88.00604057333334,0.0,COARSE_LOW_CLOUD_PRESENT_NATIVE_TIME_UNMATCHED,OBSERVER_ENVIRONMENT_TIMELINE_ONLY_NO_PHYSICS_PROMOTION,False,False,False
2026-09-14 17:00:21.746064+08:00,2026-09-14 18:00:21.746064+08:00,-60,PRE_EVENT,PRE_CORE_EVENT_DIAGNOSTIC,-5.0,NEAR_OBSERVER_0_10KM,3,3,1.6666666666666667,2.0,3,0,0,0,3,15130.027351733333,85.01208114666667,0.0,COARSE_LOW_CLOUD_PRESENT_NATIVE_TIME_UNMATCHED,OBSERVER_ENVIRONMENT_TIMELINE_ONLY_NO_PHYSICS_PROMOTION,False,False,False
2026-09-14 17:00:21.746064+08:00,2026-09-14 18:00:21.746064+08:00,-60,PRE_EVENT,PRE_CORE_EVENT_DIAGNOSTIC,-5.0,PRIMARY_GT10_40KM,6,6,2.35447534,4.006040573333333,6,0,0,0,6,15700.966491733334,90.99395942666666,0.0,COARSE_LOW_CLOUD_PRESENT_NATIVE_TIME_UNMATCHED,OBSERVER_ENVIRONMENT_TIMELINE_ONLY_NO_PHYSICS_PROMOTION,False,False,False
2026-09-14 17:00:21.746064+08:00,2026-09-14 18:00:21.746064+08:00,-60,PRE_EVENT,PRE_CORE_EVENT_DIAGNOSTIC,0.0,EXTENDED_GT40_100KM,6,6,35.77896817333333,58.78857993333333,6,0,0,0,6,15150.2142712,88.0,0.0,COARSE_LOW_CLOUD_PRESENT_NATIVE_TIME_UNMATCHED,OBSERVER_ENVIRONMENT_TIMELINE_ONLY_NO_PHYSICS_PROMOTION,False,False,False
2026-09-14 17:00:21.746064+08:00,2026-09-14 18:00:21.746064+08:00,-60,PRE_EVENT,PRE_CORE_EVENT_DIAGNOSTIC,0.0,NEAR_OBSERVER_0_10KM,3,3,1.6666666666666667,2.0,3,0,0,0,3,15130.027351733333,85.01208114666667,0.0,COARSE_LOW_CLOUD_PRESENT_NATIVE_TIME_UNMATCHED,OBSERVER_ENVIRONMENT_TIMELINE_ONLY_NO_PHYSICS_PROMOTION,False,False,False
2026-09-14 17:00:21.746064+08:00,2026-09-14 18:00:21.746064+08:00,-60,PRE_EVENT,PRE_CORE_EVENT_DIAGNOSTIC,0.0,PRIMARY_GT10_40KM,6,6,4.0010067622222225,5.0,6,0,0,0,6,15476.375656,89.99395942666666,0.0,COARSE_LOW_CLOUD_PRESENT_NATIVE_TIME_UNMATCHED,OBSERVER_ENVIRONMENT_TIMELINE_ONLY_NO_PHYSICS_PROMOTION,False,False,False
2026-09-14 17:00:21.746064+08:00,2026-09-14 18:00:21.746064+08:00,-60,PRE_EVENT,PRE_CORE_EVENT_DIAGNOSTIC,5.0,EXTENDED_GT40_100KM,6,6,25.935016317777777,40.951675413333334,6,0,0,0,6,14453.4761808,87.99395942666666,0.0,COARSE_LOW_CLOUD_PRESENT_NATIVE_TIME_UNMATCHED,OBSERVER_ENVIRONMENT_TIMELINE_ONLY_NO_PHYSICS_PROMOTION,False,False,False
2026-09-14 17:00:21.746064+08:00,2026-09-14 18:00:21.746064+08:00,-60,PRE_EVENT,PRE_CORE_EVENT_DIAGNOSTIC,5.0,NEAR_OBSERVER_0_10KM,3,3,2.0,2.0,3,0,0,0,3,15130.027351733333,85.01208114666667,0.0,COARSE_LOW_CLOUD_PRESENT_NATIVE_TIME_UNMATCHED,OBSERVER_ENVIRONMENT_TIMELINE_ONLY_NO_PHYSICS_PROMOTION,False,False,False
2026-09-14 17:00:21.746064+08:00,2026-09-14 18:00:21.746064+08:00,-60,PRE_EVENT,PRE_CORE_EVENT_DIAGNOSTIC,5.0,PRIMARY_GT10_40KM,6,6,4.0010067622222225,5.0,6,0,0,0,6,15476.375656,89.99395942666666,0.0,COARSE_LOW_CLOUD_PRESENT_NATIVE_TIME_UNMATCHED,OBSERVER_ENVIRONMENT_TIMELINE_ONLY_NO_PHYSICS_PROMOTION,False,False,False
2026-09-14 17:05:21.746064+08:00,2026-09-14 18:00:21.746064+08:00,-55,PRE_EVENT,PRE_CORE_EVENT_DIAGNOSTIC,-5.0,EXTENDED_GT40_100KM,6,6,30.043863824444447,55.87191326666667,6,0,0,0,6,14869.950612266666,88.08937390666667,0.0,COARSE_LOW_CLOUD_PRESENT_NATIVE_TIME_UNMATCHED,OBSERVER_ENVIRONMENT_TIMELINE_ONLY_NO_PHYSICS_PROMOTION,False,False,False
2026-09-14 17:05:21.746064+08:00,2026-09-14 18:00:21.746064+08:00,-55,PRE_EVENT,PRE_CORE_EVENT_DIAGNOSTIC,-5.0,NEAR_OBSERVER_0_10KM,3,3,1.6666666666666667,2.0,3,0,0,0,3,15268.360685066667,85.17874781333333,0.0,COARSE_LOW_CLOUD_PRESENT_NATIVE_TIME_UNMATCHED,OBSERVER_ENVIRONMENT_TIMELINE_ONLY_NO_PHYSICS_PROMOTION,False,False,False
2026-09-14 17:05:21.746064+08:00,2026-09-14 18:00:21.746064+08:00,-55,PRE_EVENT,PRE_CORE_EVENT_DIAGNOSTIC,-5.0,PRIMARY_GT10_40KM,6,6,2.6461420066666665,4.089373906666666,6,0,0,0,6,15714.299825066666,90.91062609333333,0.0,COARSE_LOW_CLOUD_PRESENT_NATIVE_TIME_UNMATCHED,OBSERVER_ENVIRONMENT_TIMELINE_ONLY_NO_PHYSICS_PROMOTION,False,False,False
2026-09-14 17:05:21.746064+08:00,2026-09-14 18:00:21.746064+08:00,-55,PRE_EVENT,PRE_CORE_EVENT_DIAGNOSTIC,0.0,EXTENDED_GT40_100KM,6,6,35.02896817333333,55.87191326666667,6,0,0,0,6,15015.2142712,88.0,0.0,COARSE_LOW_CLOUD_PRESENT_NATIVE_TIME_UNMATCHED,OBSERVER_ENVIRONMENT_TIMELINE_ONLY_NO_PHYSICS_PROMOTION,False,False,False
2026-09-14 17:05:21.746064+08:00,2026-09-14 18:00:21.746064+08:00,-55,PRE_EVENT,PRE_CORE_EVENT_DIAGNOSTIC,0.0,NEAR_OBSERVER_0_10KM,3,3,1.6666666666666667,2.0,3,0,0,0,3,15268.360685066667,85.17874781333333,0.0,COARSE_LOW_CLOUD_PRESENT_NATIVE_TIME_UNMATCHED,OBSERVER_ENVIRONMENT_TIMELINE_ONLY_NO_PHYSICS_PROMOTION,False,False,False
2026-09-14 17:05:21.746064+08:00,2026-09-14 18:00:21.746064+08:00,-55,PRE_EVENT,PRE_CORE_EVENT_DIAGNOSTIC,0.0,PRIMARY_GT10_40KM,6,6,4.014895651111112,5.0,6,0,0,0,6,15426.375656,89.91062609333333,0.0,COARSE_LOW_CLOUD_PRESENT_NATIVE_TIME_UNMATCHED,OBSERVER_ENVIRONMENT_TIMELINE_ONLY_NO_PHYSICS_PROMOTION,False,False,False
2026-09-14 17:05:21.746064+08:00,2026-09-14 18:00:21.746064+08:00,-55,PRE_EVENT,PRE_CORE_EVENT_DIAGNOSTIC,5.0,EXTENDED_GT40_100KM,6,6,27.337794095555555,40.28500874666667,6,0,0,0,6,14363.4761808,87.91062609333333,0.0,COARSE_LOW_CLOUD_PRESENT_NATIVE_TIME_UNMATCHED,OBSERVER_ENVIRONMENT_TIMELINE_ONLY_NO_PHYSICS_PROMOTION,False,False,False
2026-09-14 17:05:21.746064+08:00,2026-09-14 18:00:21.746064+08:00,-55,PRE_EVENT,PRE_CORE_EVENT_DIAGNOSTIC,5.0,NEAR_OBSERVER_0_10KM,3,3,2.0,2.0,3,0,0,0,3,15268.360685066667,85.17874781333333,0.0,COARSE_LOW_CLOUD_PRESENT_NATIVE_TIME_UNMATCHED,OBSERVER_ENVIRONMENT_TIMELINE_ONLY_NO_PHYSICS_PROMOTION,False,False,False
2026-09-14 17:05:21.746064+08:00,2026-09-14 18:00:21.746064+08:00,-55,PRE_EVENT,PRE_CORE_EVENT_DIAGNOSTIC,5.0,PRIMARY_GT10_40KM,6,6,4.014895651111112,5.0,6,0,0,0,6,15426.375656,89.91062609333333,0.0,COARSE_LOW_CLOUD_PRESENT_NATIVE_TIME_UNMATCHED,OBSERVER_ENVIRONMENT_TIMELINE_ONLY_NO_PHYSICS_PROMOTION,False,False,False
2026-09-14 17:10:21.746064+08:00,2026-09-14 18:00:21.746064+08:00,-50,PRE_EVENT,PRE_CORE_EVENT_DIAGNOSTIC,-5.0,EXTENDED_GT40_100KM,6,6,29.307752713333333,52.9552466,6,0,0,0,6,14823.2839456,88.17270724,0.0,COARSE_LOW_CLOUD_PRESENT_NATIVE_TIME_UNMATCHED,OBSERVER_ENVIRONMENT_TIMELINE_ONLY_NO_PHYSICS_PROMOTION,False,False,False
2026-09-14 17:10:21.746064+08:00,2026-09-14 18:00:21.746064+08:00,-50,PRE_EVENT,PRE_CORE_EVENT_DIAGNOSTIC,-5.0,NEAR_OBSERVER_0_10KM,3,3,1.6666666666666667,2.0,3,0,0,0,3,15406.6940184,85.34541448,0.0,COARSE_LOW_CLOUD_PRESENT_NATIVE_TIME_UNMATCHED,OBSERVER_ENVIRONMENT_TIMELINE_ONLY_NO_PHYSICS_PROMOTION,False,False,False
2026-09-14 17:10:21.746064+08:00,2026-09-14 18:00:21.746064+08:00,-50,PRE_EVENT,PRE_CORE_EVENT_DIAGNOSTIC,-5.0,PRIMARY_GT10_40KM,6,6,2.937808673333333,4.17270724,6,0,0,0,6,15727.6331584,90.82729276,0.0,COARSE_LOW_CLOUD_PRESENT_NATIVE_TIME_UNMATCHED,OBSERVER_ENVIRONMENT_TIMELINE_ONLY_NO_PHYSICS_PROMOTION,False,False,False
2026-09-14 17:10:21.746064+08:00,2026-09-14 18:00:21.746064+08:00,-50,PRE_EVENT,PRE_CORE_EVENT_DIAGNOSTIC,0.0,EXTENDED_GT40_100KM,6,6,34.27896817333333,52.9552466,6,0,0,0,6,14880.2142712,88.0,0.0,COARSE_LOW_CLOUD_PRESENT_NATIVE_TIME_UNMATCHED,OBSERVER_ENVIRONMENT_TIMELINE_ONLY_NO_PHYSICS_PROMOTION,False,False,False
2026-09-14 17:10:21.746064+08:00,2026-09-14 18:00:21.746064+08:00,-50,PRE_EVENT,PRE_CORE_EVENT_DIAGNOSTIC,0.0,NEAR_OBSERVER_0_10KM,3,3,1.6666666666666667,2.0,3,0,0,0,3,15406.6940184,85.34541448,0.0,COARSE_LOW_CLOUD_PRESENT_NATIVE_TIME_UNMATCHED,OBSERVER_ENVIRONMENT_TIMELINE_ONLY_NO_PHYSICS_PROMOTION,False,False,False
2026-09-14 17:10:21.746064+08:00,2026-09-14 18:00:21.746064+08:00,-50,PRE_EVENT,PRE_CORE_EVENT_DIAGNOSTIC,0.0,PRIMARY_GT10_40KM,6,6,4.028784539999999,5.0,6,0,0,0,6,15376.375656,89.82729276,0.0,COARSE_LOW_CLOUD_PRESENT_NATIVE_TIME_UNMATCHED,OBSERVER_ENVIRONMENT_TIMELINE_ONLY_NO_PHYSICS_PROMOTION,False,False,False
2026-09-14 17:10:21.746064+08:00,2026-09-14 18:00:21.746064+08:00,-50,PRE_EVENT,PRE_CORE_EVENT_DIAGNOSTIC,5.0,EXTENDED_GT40_100KM,6,6,28.740571873333334,39.61834208,6,0,0,0,6,14273.4761808,87.82729276,0.0,COARSE_LOW_CLOUD_PRESENT_NATIVE_TIME_UNMATCHED,OBSERVER_ENVIRONMENT_TIMELINE_ONLY_NO_PHYSICS_PROMOTION,False,False,False
2026-09-14 17:10:21.746064+08:00,2026-09-14 18:00:21.746064+08:00,-50,PRE_EVENT,PRE_CORE_EVENT_DIAGNOSTIC,5.0,NEAR_OBSERVER_0_10KM,3,3,2.0,2.0,3,0,0,0,3,15406.6940184,85.34541448,0.0,COARSE_LOW_CLOUD_PRESENT_NATIVE_TIME_UNMATCHED,OBSERVER_ENVIRONMENT_TIMELINE_ONLY_NO_PHYSICS_PROMOTION,False,False,False
2026-09-14 17:10:21.746064+08:00,2026-09-14 18:00:21.746064+08:00,-50,PRE_EVENT,PRE_CORE_EVENT_DIAGNOSTIC,5.0,PRIMARY_GT10_40KM,6,6,4.028784539999999,5.0,6,0,0,0,6,15376.375656,89.82729276,0.0,COARSE_LOW_CLOUD_PRESENT_NATIVE_TIME_UNMATCHED,OBSERVER_ENVIRONMENT_TIMELINE_ONLY_NO_PHYSICS_PROMOTION,False,False,False
2026-09-14 17:15:21.746064+08:00,2026-09-14 18:00:21.746064+08:00,-45,PRE_EVENT,PRE_CORE_EVENT_DIAGNOSTIC,-5.0,EXTENDED_GT40_100KM,6,6,28.57164160222222,50.03857993333333,6,0,0,0,6,14776.617278933334,88.25604057333334,0.0,COARSE_LOW_CLOUD_PRESENT_NATIVE_TIME_UNMATCHED,OBSERVER_ENVIRONMENT_TIMELINE_ONLY_NO_PHYSICS_PROMOTION,False,False,False
2026-09-14 17:15:21.746064+08:00,2026-09-14 18:00:21.746064+08:00,-45,PRE_EVENT,PRE_CORE_EVENT_DIAGNOSTIC,-5.0,NEAR_OBSERVER_0_10KM,3,3,1.6666666666666667,2.0,3,0,0,0,3,15545.027351733333,85.51208114666667,0.0,COARSE_LOW_CLOUD_PRESENT_NATIVE_TIME_UNMATCHED,OBSERVER_ENVIRONMENT_TIMELINE_ONLY_NO_PHYSICS_PROMOTION,False,False,False
2026-09-14 17:15:21.746064+08:00,2026-09-14 18:00:21.746064+08:00,-45,PRE_EVENT,PRE_CORE_EVENT_DIAGNOSTIC,-5.0,PRIMARY_GT10_40KM,6,6,3.22947534,4.30436516,6,0,0,0,6,15740.966491733334,90.74395942666666,0.0,COARSE_LOW_CLOUD_PRESENT_NATIVE_TIME_UNMATCHED,OBSERVER_ENVIRONMENT_TIMELINE_ONLY_NO_PHYSICS_PROMOTION,False,False,False
2026-09-14 17:15:21.746064+08:00,2026-09-14 18:00:21.746064+08:00,-45,PRE_EVENT,PRE_CORE_EVENT_DIAGNOSTIC,0.0,EXTENDED_GT40_100KM,6,6,33.52896817333333,50.03857993333333,6,0,0,0,6,14745.2142712,88.0,0.0,COARSE_LOW_CLOUD_PRESENT_NATIVE_TIME_UNMATCHED,OBSERVER_ENVIRONMENT_TIMELINE_ONLY_NO_PHYSICS_PROMOTION,False,False,False
2026-09-14 17:15:21.746064+08:00,2026-09-14 18:00:21.746064+08:00,-45,PRE_EVENT,PRE_CORE_EVENT_DIAGNOSTIC,0.0,NEAR_OBSERVER_0_10KM,3,3,1.6666666666666667,2.0,3,0,0,0,3,15545.027351733333,85.51208114666667,0.0,COARSE_LOW_CLOUD_PRESENT_NATIVE_TIME_UNMATCHED,OBSERVER_ENVIRONMENT_TIMELINE_ONLY_NO_PHYSICS_PROMOTION,False,False,False
2026-09-14 17:15:21.746064+08:00,2026-09-14 18:00:21.746064+08:00,-45,PRE_EVENT,PRE_CORE_EVENT_DIAGNOSTIC,0.0,PRIMARY_GT10_40KM,6,6,4.042673428888889,5.0,6,0,0,0,6,15326.375656,89.74395942666666,0.0,COARSE_LOW_CLOUD_PRESENT_NATIVE_TIME_UNMATCHED,OBSERVER_ENVIRONMENT_TIMELINE_ONLY_NO_PHYSICS_PROMOTION,False,False,False
2026-09-14 17:15:21.746064+08:00,2026-09-14 18:00:21.746064+08:00,-45,PRE_EVENT,PRE_CORE_EVENT_DIAGNOSTIC,5.0,EXTENDED_GT40_100KM,6,6,30.143349651111112,38.951675413333334,6,0,0,0,6,14183.4761808,87.74395942666666,0.0,COARSE_LOW_CLOUD_PRESENT_NATIVE_TIME_UNMATCHED,OBSERVER_ENVIRONMENT_TIMELINE_ONLY_NO_PHYSICS_PROMOTION,False,False,False
2026-09-14 17:15:21.746064+08:00,2026-09-14 18:00:21.746064+08:00,-45,PRE_EVENT,PRE_CORE_EVENT_DIAGNOSTIC,5.0,NEAR_OBSERVER_0_10KM,3,3,2.0,2.0,3,0,0,0,3,15545.027351733333,85.51208114666667,0.0,COARSE_LOW_CLOUD_PRESENT_NATIVE_TIME_UNMATCHED,OBSERVER_ENVIRONMENT_TIMELINE_ONLY_NO_PHYSICS_PROMOTION,False,False,False
2026-09-14 17:15:21.746064+08:00,2026-09-14 18:00:21.746064+08:00,-45,PRE_EVENT,PRE_CORE_EVENT_DIAGNOSTIC,5.0,PRIMARY_GT10_40KM,6,6,4.042673428888889,5.0,6,0,0,0,6,15326.375656,89.74395942666666,0.0,COARSE_LOW_CLOUD_PRESENT_NATIVE_TIME_UNMATCHED,OBSERVER_ENVIRONMENT_TIMELINE_ONLY_NO_PHYSICS_PROMOTION,False,False,False
2026-09-14 17:20:21.746064+08:00,2026-09-14 18:00:21.746064+08:00,-40,PRE_EVENT,PRE_CORE_EVENT_DIAGNOSTIC,-5.0,EXTENDED_GT40_100KM,6,6,27.83553049111111,47.12191326666667,6,0,0,0,6,14729.950612266666,88.33937390666667,0.0,COARSE_LOW_CLOUD_PRESENT_NATIVE_TIME_UNMATCHED,OBSERVER_ENVIRONMENT_TIMELINE_ONLY_NO_PHYSICS_PROMOTION,False,False,False
2026-09-14 17:20:21.746064+08:00,2026-09-14 18:00:21.746064+08:00,-40,PRE_EVENT,PRE_CORE_EVENT_DIAGNOSTIC,-5.0,NEAR_OBSERVER_0_10KM,3,3,1.6666666666666667,2.0,3,0,0,0,3,15683.360685066667,85.67874781333333,0.0,COARSE_LOW_CLOUD_PRESENT_NATIVE_TIME_UNMATCHED,OBSERVER_ENVIRONMENT_TIMELINE_ONLY_NO_PHYSICS_PROMOTION,False,False,False
2026-09-14 17:20:21.746064+08:00,2026-09-14 18:00:21.746064+08:00,-40,PRE_EVENT,PRE_CORE_EVENT_DIAGNOSTIC,-5.0,PRIMARY_GT10_40KM,6,6,3.5211420066666665,5.05436516,6,0,0,0,6,15754.299825066666,90.66062609333333,0.0,COARSE_LOW_CLOUD_PRESENT_NATIVE_TIME_UNMATCHED,OBSERVER_ENVIRONMENT_TIMELINE_ONLY_NO_PHYSICS_PROMOTION,False,False,False
2026-09-14 17:20:21.746064+08:00,2026-09-14 18:00:21.746064+08:00,-40,PRE_EVENT,PRE_CORE_EVENT_DIAGNOSTIC,0.0,EXTENDED_GT40_100KM,6,6,32.77896817333333,47.12191326666667,6,0,0,0,6,14610.2142712,88.0,0.0,COARSE_LOW_CLOUD_PRESENT_NATIVE_TIME_UNMATCHED,OBSERVER_ENVIRONMENT_TIMELINE_ONLY_NO_PHYSICS_PROMOTION,False,False,False
2026-09-14 17:20:21.746064+08:00,2026-09-14 18:00:21.746064+08:00,-40,PRE_EVENT,PRE_CORE_EVENT_DIAGNOSTIC,0.0,NEAR_OBSERVER_0_10KM,3,3,1.6666666666666667,2.0,3,0,0,0,3,15683.360685066667,85.67874781333333,0.0,COARSE_LOW_CLOUD_PRESENT_NATIVE_TIME_UNMATCHED,OBSERVER_ENVIRONMENT_TIMELINE_ONLY_NO_PHYSICS_PROMOTION,False,False,False
2026-09-14 17:20:21.746064+08:00,2026-09-14 18:00:21.746064+08:00,-40,PRE_EVENT,PRE_CORE_EVENT_DIAGNOSTIC,0.0,PRIMARY_GT10_40KM,6,6,4.056562317777778,5.0,6,0,0,0,6,15276.375656,89.66062609333333,0.0,COARSE_LOW_CLOUD_PRESENT_NATIVE_TIME_UNMATCHED,OBSERVER_ENVIRONMENT_TIMELINE_ONLY_NO_PHYSICS_PROMOTION,False,False,False
2026-09-14 17:20:21.746064+08:00,2026-09-14 18:00:21.746064+08:00,-40,PRE_EVENT,PRE_CORE_EVENT_DIAGNOSTIC,5.0,EXTENDED_GT40_100KM,6,6,31.54612742888889,38.28500874666667,6,0,0,0,6,14093.4761808,87.66062609333333,0.0,COARSE_LOW_CLOUD_PRESENT_NATIVE_TIME_UNMATCHED,OBSERVER_ENVIRONMENT_TIMELINE_ONLY_NO_PHYSICS_PROMOTION,False,False,False
2026-09-14 17:20:21.746064+08:00,2026-09-14 18:00:21.746064+08:00,-40,PRE_EVENT,PRE_CORE_EVENT_DIAGNOSTIC,5.0,NEAR_OBSERVER_0_10KM,3,3,2.0,2.0,3,0,0,0,3,15683.360685066667,85.67874781333333,0.0,COARSE_LOW_CLOUD_PRESENT_NATIVE_TIME_UNMATCHED,OBSERVER_ENVIRONMENT_TIMELINE_ONLY_NO_PHYSICS_PROMOTION,False,False,False
2026-09-14 17:20:21.746064+08:00,2026-09-14 18:00:21.746064+08:00,-40,PRE_EVENT,PRE_CORE_EVENT_DIAGNOSTIC,5.0,PRIMARY_GT10_40KM,6,6,4.056562317777778,5.0,6,0,0,0,6,15276.375656,89.66062609333333,0.0,COARSE_LOW_CLOUD_PRESENT_NATIVE_TIME_UNMATCHED,OBSERVER_ENVIRONMENT_TIMELINE_ONLY_NO_PHYSICS_PROMOTION,False,False,False
2026-09-14 17:25:21.746064+08:00,2026-09-14 18:00:21.746064+08:00,-35,PRE_EVENT,PRE_CORE_EVENT_DIAGNOSTIC,-5.0,EXTENDED_GT40_100KM,6,6,27.09941938,44.2052466,6,0,0,0,6,14683.2839456,88.42270724,0.0,COARSE_LOW_CLOUD_PRESENT_NATIVE_TIME_UNMATCHED,OBSERVER_ENVIRONMENT_TIMELINE_ONLY_NO_PHYSICS_PROMOTION,False,False,False
2026-09-14 17:25:21.746064+08:00,2026-09-14 18:00:21.746064+08:00,-35,PRE_EVENT,PRE_CORE_EVENT_DIAGNOSTIC,-5.0,NEAR_OBSERVER_0_10KM,3,3,1.6666666666666667,2.0,3,0,0,0,3,15821.6940184,85.84541448,0.0,COARSE_LOW_CLOUD_PRESENT_NATIVE_TIME_UNMATCHED,OBSERVER_ENVIRONMENT_TIMELINE_ONLY_NO_PHYSICS_PROMOTION,False,False,False
2026-09-14 17:25:21.746064+08:00,2026-09-14 18:00:21.746064+08:00,-35,PRE_EVENT,PRE_CORE_EVENT_DIAGNOSTIC,-5.0,PRIMARY_GT10_40KM,6,6,3.812808673333333,5.80436516,6,0,0,0,6,15767.6331584,90.57729276,0.0,COARSE_LOW_CLOUD_PRESENT_NATIVE_TIME_UNMATCHED,OBSERVER_ENVIRONMENT_TIMELINE_ONLY_NO_PHYSICS_PROMOTION,False,False,False
2026-09-14 17:25:21.746064+08:00,2026-09-14 18:00:21.746064+08:00,-35,PRE_EVENT,PRE_CORE_EVENT_DIAGNOSTIC,0.0,EXTENDED_GT40_100KM,6,6,32.02896817333333,44.2052466,6,0,0,0,6,14475.2142712,88.0,0.0,COARSE_LOW_CLOUD_PRESENT_NATIVE_TIME_UNMATCHED,OBSERVER_ENVIRONMENT_TIMELINE_ONLY_NO_PHYSICS_PROMOTION,False,False,False
2026-09-14 17:25:21.746064+08:00,2026-09-14 18:00:21.746064+08:00,-35,PRE_EVENT,PRE_CORE_EVENT_DIAGNOSTIC,0.0,NEAR_OBSERVER_0_10KM,3,3,1.6666666666666667,2.0,3,0,0,0,3,15821.6940184,85.84541448,0.0,COARSE_LOW_CLOUD_PRESENT_NATIVE_TIME_UNMATCHED,OBSERVER_ENVIRONMENT_TIMELINE_ONLY_NO_PHYSICS_PROMOTION,False,False,False
2026-09-14 17:25:21.746064+08:00,2026-09-14 18:00:21.746064+08:00,-35,PRE_EVENT,PRE_CORE_EVENT_DIAGNOSTIC,0.0,PRIMARY_GT10_40KM,6,6,4.070451206666666,5.0,6,0,0,0,6,15226.375656,89.57729276,0.0,COARSE_LOW_CLOUD_PRESENT_NATIVE_TIME_UNMATCHED,OBSERVER_ENVIRONMENT_TIMELINE_ONLY_NO_PHYSICS_PROMOTION,False,False,False
2026-09-14 17:25:21.746064+08:00,2026-09-14 18:00:21.746064+08:00,-35,PRE_EVENT,PRE_CORE_EVENT_DIAGNOSTIC,5.0,EXTENDED_GT40_100KM,6,6,32.948905206666666,38.94933892,6,0,0,0,6,14003.4761808,87.57729276,0.0,COARSE_LOW_CLOUD_PRESENT_NATIVE_TIME_UNMATCHED,OBSERVER_ENVIRONMENT_TIMELINE_ONLY_NO_PHYSICS_PROMOTION,False,False,False
2026-09-14 17:25:21.746064+08:00,2026-09-14 18:00:21.746064+08:00,-35,PRE_EVENT,PRE_CORE_EVENT_DIAGNOSTIC,5.0,NEAR_OBSERVER_0_10KM,3,3,2.0,2.0,3,0,0,0,3,15821.6940184,85.84541448,0.0,COARSE_LOW_CLOUD_PRESENT_NATIVE_TIME_UNMATCHED,OBSERVER_ENVIRONMENT_TIMELINE_ONLY_NO_PHYSICS_PROMOTION,False,False,False
2026-09-14 17:25:21.746064+08:00,2026-09-14 18:00:21.746064+08:00,-35,PRE_EVENT,PRE_CORE_EVENT_DIAGNOSTIC,5.0,PRIMARY_GT10_40KM,6,6,4.070451206666666,5.0,6,0,0,0,6,15226.375656,89.57729276,0.0,COARSE_LOW_CLOUD_PRESENT_NATIVE_TIME_UNMATCHED,OBSERVER_ENVIRONMENT_TIMELINE_ONLY_NO_PHYSICS_PROMOTION,False,False,False
2026-09-14 17:30:21.746064+08:00,2026-09-14 18:00:21.746064+08:00,-30,PRE_EVENT,PRE_CORE_EVENT_DIAGNOSTIC,-5.0,EXTENDED_GT40_100KM,6,6,26.36330826888889,41.28857993333334,6,0,0,0,6,14636.617278933334,88.50604057333334,0.0,COARSE_LOW_CLOUD_PRESENT_NATIVE_TIME_UNMATCHED,OBSERVER_ENVIRONMENT_TIMELINE_ONLY_NO_PHYSICS_PROMOTION,False,False,False
2026-09-14 17:30:21.746064+08:00,2026-09-14 18:00:21.746064+08:00,-30,PRE_EVENT,PRE_CORE_EVENT_DIAGNOSTIC,-5.0,NEAR_OBSERVER_0_10KM,3,3,1.6666666666666667,2.0,3,0,0,0,3,15960.027351733333,86.01208114666667,0.0,COARSE_LOW_CLOUD_PRESENT_NATIVE_TIME_UNMATCHED,OBSERVER_ENVIRONMENT_TIMELINE_ONLY_NO_PHYSICS_PROMOTION,False,False,False
2026-09-14 17:30:21.746064+08:00,2026-09-14 18:00:21.746064+08:00,-30,PRE_EVENT,PRE_CORE_EVENT_DIAGNOSTIC,-5.0,PRIMARY_GT10_40KM,6,6,4.10447534,6.55436516,6,0,0,0,6,15780.966491733334,90.49395942666666,0.0,COARSE_LOW_CLOUD_PRESENT_NATIVE_TIME_UNMATCHED,OBSERVER_ENVIRONMENT_TIMELINE_ONLY_NO_PHYSICS_PROMOTION,False,False,False
2026-09-14 17:30:21.746064+08:00,2026-09-14 18:00:21.746064+08:00,-30,PRE_EVENT,PRE_CORE_EVENT_DIAGNOSTIC,0.0,EXTENDED_GT40_100KM,6,6,31.27896817333333,41.28857993333334,6,0,0,0,6,14340.2142712,88.0,0.0,COARSE_LOW_CLOUD_PRESENT_NATIVE_TIME_UNMATCHED,OBSERVER_ENVIRONMENT_TIMELINE_ONLY_NO_PHYSICS_PROMOTION,False,False,False
2026-09-14 17:30:21.746064+08:00,2026-09-14 18:00:21.746064+08:00,-30,PRE_EVENT,PRE_CORE_EVENT_DIAGNOSTIC,0.0,NEAR_OBSERVER_0_10KM,3,3,1.6666666666666667,2.0,3,0,0,0,3,15960.027351733333,86.01208114666667,0.0,COARSE_LOW_CLOUD_PRESENT_NATIVE_TIME_UNMATCHED,OBSERVER_ENVIRONMENT_TIMELINE_ONLY_NO_PHYSICS_PROMOTION,False,False,False
2026-09-14 17:30:21.746064+08:00,2026-09-14 18:00:21.746064+08:00,-30,PRE_EVENT,PRE_CORE_EVENT_DIAGNOSTIC,0.0,PRIMARY_GT10_40KM,6,6,4.0843400955555555,5.0,6,0,0,0,6,15176.375656,89.49395942666666,0.0,COARSE_LOW_CLOUD_PRESENT_NATIVE_TIME_UNMATCHED,OBSERVER_ENVIRONMENT_TIMELINE_ONLY_NO_PHYSICS_PROMOTION,False,False,False
2026-09-14 17:30:21.746064+08:00,2026-09-14 18:00:21.746064+08:00,-30,PRE_EVENT,PRE_CORE_EVENT_DIAGNOSTIC,5.0,EXTENDED_GT40_100KM,6,6,34.351682984444444,41.69933892,6,0,0,0,6,13783.3280176,87.50604057333334,0.0,COARSE_LOW_CLOUD_PRESENT_NATIVE_TIME_UNMATCHED,OBSERVER_ENVIRONMENT_TIMELINE_ONLY_NO_PHYSICS_PROMOTION,False,False,False
2026-09-14 17:30:21.746064+08:00,2026-09-14 18:00:21.746064+08:00,-30,PRE_EVENT,PRE_CORE_EVENT_DIAGNOSTIC,5.0,NEAR_OBSERVER_0_10KM,3,3,2.0,2.0,3,0,0,0,3,15960.027351733333,86.01208114666667,0.0,COARSE_LOW_CLOUD_PRESENT_NATIVE_TIME_UNMATCHED,OBSERVER_ENVIRONMENT_TIMELINE_ONLY_NO_PHYSICS_PROMOTION,False,False,False
2026-09-14 17:30:21.746064+08:00,2026-09-14 18:00:21.746064+08:00,-30,PRE_EVENT,PRE_CORE_EVENT_DIAGNOSTIC,5.0,PRIMARY_GT10_40KM,6,6,4.0843400955555555,5.0,6,0,0,0,6,15176.375656,89.49395942666666,0.0,COARSE_LOW_CLOUD_PRESENT_NATIVE_TIME_UNMATCHED,OBSERVER_ENVIRONMENT_TIMELINE_ONLY_NO_PHYSICS_PROMOTION,False,False,False
2026-09-14 17:35:21.746064+08:00,2026-09-14 18:00:21.746064+08:00,-25,PRE_EVENT,PRE_CORE_EVENT_DIAGNOSTIC,-5.0,EXTENDED_GT40_100KM,6,6,25.627197157777776,38.37191326666667,6,0,0,0,6,14589.950612266666,88.58937390666667,0.0,COARSE_LOW_CLOUD_PRESENT_NATIVE_TIME_UNMATCHED,OBSERVER_ENVIRONMENT_TIMELINE_ONLY_NO_PHYSICS_PROMOTION,False,False,False
2026-09-14 17:35:21.746064+08:00,2026-09-14 18:00:21.746064+08:00,-25,PRE_EVENT,PRE_CORE_EVENT_DIAGNOSTIC,-5.0,NEAR_OBSERVER_0_10KM,3,3,1.6666666666666667,2.0,3,0,0,0,3,16098.360685066667,86.17874781333333,0.0,COARSE_LOW_CLOUD_PRESENT_NATIVE_TIME_UNMATCHED,OBSERVER_ENVIRONMENT_TIMELINE_ONLY_NO_PHYSICS_PROMOTION,False,False,False
2026-09-14 17:35:21.746064+08:00,2026-09-14 18:00:21.746064+08:00,-25,PRE_EVENT,PRE_CORE_EVENT_DIAGNOSTIC,-5.0,PRIMARY_GT10_40KM,6,6,4.3961420066666665,7.30436516,6,0,0,0,6,15794.299825066666,90.41062609333333,0.0,COARSE_LOW_CLOUD_PRESENT_NATIVE_TIME_UNMATCHED,OBSERVER_ENVIRONMENT_TIMELINE_ONLY_NO_PHYSICS_PROMOTION,False,False,False
2026-09-14 17:35:21.746064+08:00,2026-09-14 18:00:21.746064+08:00,-25,PRE_EVENT,PRE_CORE_EVENT_DIAGNOSTIC,0.0,EXTENDED_GT40_100KM,6,6,30.52896817333333,38.37191326666667,6,0,0,0,6,14205.2142712,88.0,0.0,COARSE_LOW_CLOUD_PRESENT_NATIVE_TIME_UNMATCHED,OBSERVER_ENVIRONMENT_TIMELINE_ONLY_NO_PHYSICS_PROMOTION,False,False,False
2026-09-14 17:35:21.746064+08:00,2026-09-14 18:00:21.746064+08:00,-25,PRE_EVENT,PRE_CORE_EVENT_DIAGNOSTIC,0.0,NEAR_OBSERVER_0_10KM,3,3,1.6666666666666667,2.0,3,0,0,0,3,16098.360685066667,86.17874781333333,0.0,COARSE_LOW_CLOUD_PRESENT_NATIVE_TIME_UNMATCHED,OBSERVER_ENVIRONMENT_TIMELINE_ONLY_NO_PHYSICS_PROMOTION,False,False,False
2026-09-14 17:35:21.746064+08:00,2026-09-14 18:00:21.746064+08:00,-25,PRE_EVENT,PRE_CORE_EVENT_DIAGNOSTIC,0.0,PRIMARY_GT10_40KM,6,6,4.098228984444445,5.0,6,0,0,0,6,15126.375656,89.41062609333333,0.0,COARSE_LOW_CLOUD_PRESENT_NATIVE_TIME_UNMATCHED,OBSERVER_ENVIRONMENT_TIMELINE_ONLY_NO_PHYSICS_PROMOTION,False,False,False
2026-09-14 17:35:21.746064+08:00,2026-09-14 18:00:21.746064+08:00,-25,PRE_EVENT,PRE_CORE_EVENT_DIAGNOSTIC,5.0,EXTENDED_GT40_100KM,6,6,35.75446076222223,44.44933892,6,0,0,0,6,13553.3280176,87.58937390666667,0.0,COARSE_LOW_CLOUD_PRESENT_NATIVE_TIME_UNMATCHED,OBSERVER_ENVIRONMENT_TIMELINE_ONLY_NO_PHYSICS_PROMOTION,False,False,False
2026-09-14 17:35:21.746064+08:00,2026-09-14 18:00:21.746064+08:00,-25,PRE_EVENT,PRE_CORE_EVENT_DIAGNOSTIC,5.0,NEAR_OBSERVER_0_10KM,3,3,2.0,2.0,3,0,0,0,3,16098.360685066667,86.17874781333333,0.0,COARSE_LOW_CLOUD_PRESENT_NATIVE_TIME_UNMATCHED,OBSERVER_ENVIRONMENT_TIMELINE_ONLY_NO_PHYSICS_PROMOTION,False,False,False
2026-09-14 17:35:21.746064+08:00,2026-09-14 18:00:21.746064+08:00,-25,PRE_EVENT,PRE_CORE_EVENT_DIAGNOSTIC,5.0,PRIMARY_GT10_40KM,6,6,4.098228984444445,5.0,6,0,0,0,6,15126.375656,89.41062609333333,0.0,COARSE_LOW_CLOUD_PRESENT_NATIVE_TIME_UNMATCHED,OBSERVER_ENVIRONMENT_TIMELINE_ONLY_NO_PHYSICS_PROMOTION,False,False,False
2026-09-14 17:40:21.746064+08:00,2026-09-14 18:00:21.746064+08:00,-20,PRE_EVENT,PRE_CORE_EVENT_DIAGNOSTIC,-5.0,EXTENDED_GT40_100KM,6,6,24.89108604666667,35.4552466,6,0,0,0,6,14405.887094400001,88.67270724,0.0,COARSE_LOW_CLOUD_PRESENT_NATIVE_TIME_UNMATCHED,OBSERVER_ENVIRONMENT_TIMELINE_ONLY_NO_PHYSICS_PROMOTION,False,False,False
2026-09-14 17:40:21.746064+08:00,2026-09-14 18:00:21.746064+08:00,-20,PRE_EVENT,PRE_CORE_EVENT_DIAGNOSTIC,-5.0,NEAR_OBSERVER_0_10KM,3,3,1.6666666666666667,2.0,3,0,0,0,3,16236.6940184,86.34541448,0.0,COARSE_LOW_CLOUD_PRESENT_NATIVE_TIME_UNMATCHED,OBSERVER_ENVIRONMENT_TIMELINE_ONLY_NO_PHYSICS_PROMOTION,False,False,False
2026-09-14 17:40:21.746064+08:00,2026-09-14 18:00:21.746064+08:00,-20,PRE_EVENT,PRE_CORE_EVENT_DIAGNOSTIC,-5.0,PRIMARY_GT10_40KM,6,6,4.6878086733333335,8.05436516,6,0,0,0,6,15807.6331584,90.32729276,0.0,COARSE_LOW_CLOUD_PRESENT_NATIVE_TIME_UNMATCHED,OBSERVER_ENVIRONMENT_TIMELINE_ONLY_NO_PHYSICS_PROMOTION,False,False,False
2026-09-14 17:40:21.746064+08:00,2026-09-14 18:00:21.746064+08:00,-20,PRE_EVENT,PRE_CORE_EVENT_DIAGNOSTIC,0.0,EXTENDED_GT40_100KM,6,6,29.77896817333333,35.4552466,6,0,0,0,6,14070.2142712,88.0,0.0,COARSE_LOW_CLOUD_PRESENT_NATIVE_TIME_UNMATCHED,OBSERVER_ENVIRONMENT_TIMELINE_ONLY_NO_PHYSICS_PROMOTION,False,False,False
2026-09-14 17:40:21.746064+08:00,2026-09-14 18:00:21.746064+08:00,-20,PRE_EVENT,PRE_CORE_EVENT_DIAGNOSTIC,0.0,NEAR_OBSERVER_0_10KM,3,3,1.6666666666666667,2.0,3,0,0,0,3,16236.6940184,86.34541448,0.0,COARSE_LOW_CLOUD_PRESENT_NATIVE_TIME_UNMATCHED,OBSERVER_ENVIRONMENT_TIMELINE_ONLY_NO_PHYSICS_PROMOTION,False,False,False
2026-09-14 17:40:21.746064+08:00,2026-09-14 18:00:21.746064+08:00,-20,PRE_EVENT,PRE_CORE_EVENT_DIAGNOSTIC,0.0,PRIMARY_GT10_40KM,6,6,4.112117873333333,5.0,6,0,0,0,6,15076.375656,89.32729276,0.0,COARSE_LOW_CLOUD_PRESENT_NATIVE_TIME_UNMATCHED,OBSERVER_ENVIRONMENT_TIMELINE_ONLY_NO_PHYSICS_PROMOTION,False,False,False
2026-09-14 17:40:21.746064+08:00,2026-09-14 18:00:21.746064+08:00,-20,PRE_EVENT,PRE_CORE_EVENT_DIAGNOSTIC,5.0,EXTENDED_GT40_100KM,6,6,37.15723854,47.19933892,6,0,0,0,6,13323.3280176,87.67270724,0.0,COARSE_LOW_CLOUD_PRESENT_NATIVE_TIME_UNMATCHED,OBSERVER_ENVIRONMENT_TIMELINE_ONLY_NO_PHYSICS_PROMOTION,False,False,False
2026-09-14 17:40:21.746064+08:00,2026-09-14 18:00:21.746064+08:00,-20,PRE_EVENT,PRE_CORE_EVENT_DIAGNOSTIC,5.0,NEAR_OBSERVER_0_10KM,3,3,2.0,2.0,3,0,0,0,3,16236.6940184,86.34541448,0.0,COARSE_LOW_CLOUD_PRESENT_NATIVE_TIME_UNMATCHED,OBSERVER_ENVIRONMENT_TIMELINE_ONLY_NO_PHYSICS_PROMOTION,False,False,False
2026-09-14 17:40:21.746064+08:00,2026-09-14 18:00:21.746064+08:00,-20,PRE_EVENT,PRE_CORE_EVENT_DIAGNOSTIC,5.0,PRIMARY_GT10_40KM,6,6,4.112117873333333,5.0,6,0,0,0,6,15076.375656,89.32729276,0.0,COARSE_LOW_CLOUD_PRESENT_NATIVE_TIME_UNMATCHED,OBSERVER_ENVIRONMENT_TIMELINE_ONLY_NO_PHYSICS_PROMOTION,False,False,False
2026-09-14 17:45:21.746064+08:00,2026-09-14 18:00:21.746064+08:00,-15,PRE_EVENT,PRE_CORE_EVENT_DIAGNOSTIC,-5.0,EXTENDED_GT40_100KM,6,6,24.154974935555558,33.97583770666667,6,0,0,0,6,14119.220427733333,88.75604057333334,0.0,COARSE_LOW_CLOUD_PRESENT_NATIVE_TIME_UNMATCHED,OBSERVER_ENVIRONMENT_TIMELINE_ONLY_NO_PHYSICS_PROMOTION,False,False,False
2026-09-14 17:45:21.746064+08:00,2026-09-14 18:00:21.746064+08:00,-15,PRE_EVENT,PRE_CORE_EVENT_DIAGNOSTIC,-5.0,NEAR_OBSERVER_0_10KM,3,3,1.6666666666666667,2.0,3,0,0,0,3,16375.027351733333,86.51208114666667,0.0,COARSE_LOW_CLOUD_PRESENT_NATIVE_TIME_UNMATCHED,OBSERVER_ENVIRONMENT_TIMELINE_ONLY_NO_PHYSICS_PROMOTION,False,False,False
2026-09-14 17:45:21.746064+08:00,2026-09-14 18:00:21.746064+08:00,-15,PRE_EVENT,PRE_CORE_EVENT_DIAGNOSTIC,-5.0,PRIMARY_GT10_40KM,6,6,4.97947534,8.80436516,6,0,0,0,6,15820.966491733334,90.24395942666666,0.0,COARSE_LOW_CLOUD_PRESENT_NATIVE_TIME_UNMATCHED,OBSERVER_ENVIRONMENT_TIMELINE_ONLY_NO_PHYSICS_PROMOTION,False,False,False
2026-09-14 17:45:21.746064+08:00,2026-09-14 18:00:21.746064+08:00,-15,PRE_EVENT,PRE_CORE_EVENT_DIAGNOSTIC,0.0,EXTENDED_GT40_100KM,6,6,29.02896817333333,33.63522910666667,6,0,0,0,6,13935.2142712,88.0,0.0,COARSE_LOW_CLOUD_PRESENT_NATIVE_TIME_UNMATCHED,OBSERVER_ENVIRONMENT_TIMELINE_ONLY_NO_PHYSICS_PROMOTION,False,False,False
2026-09-14 17:45:21.746064+08:00,2026-09-14 18:00:21.746064+08:00,-15,PRE_EVENT,PRE_CORE_EVENT_DIAGNOSTIC,0.0,NEAR_OBSERVER_0_10KM,3,3,1.6666666666666667,2.0,3,0,0,0,3,16375.027351733333,86.51208114666667,0.0,COARSE_LOW_CLOUD_PRESENT_NATIVE_TIME_UNMATCHED,OBSERVER_ENVIRONMENT_TIMELINE_ONLY_NO_PHYSICS_PROMOTION,False,False,False
2026-09-14 17:45:21.746064+08:00,2026-09-14 18:00:21.746064+08:00,-15,PRE_EVENT,PRE_CORE_EVENT_DIAGNOSTIC,0.0,PRIMARY_GT10_40KM,6,6,4.1260067622222225,5.0,6,0,0,0,6,15026.375656,89.24395942666666,0.0,COARSE_LOW_CLOUD_PRESENT_NATIVE_TIME_UNMATCHED,OBSERVER_ENVIRONMENT_TIMELINE_ONLY_NO_PHYSICS_PROMOTION,False,False,False
2026-09-14 17:45:21.746064+08:00,2026-09-14 18:00:21.746064+08:00,-15,PRE_EVENT,PRE_CORE_EVENT_DIAGNOSTIC,5.0,EXTENDED_GT40_100KM,6,6,38.56001631777777,49.94933892,6,0,0,0,6,13093.3280176,87.75604057333334,0.0,COARSE_LOW_CLOUD_PRESENT_NATIVE_TIME_UNMATCHED,OBSERVER_ENVIRONMENT_TIMELINE_ONLY_NO_PHYSICS_PROMOTION,False,False,False
2026-09-14 17:45:21.746064+08:00,2026-09-14 18:00:21.746064+08:00,-15,PRE_EVENT,PRE_CORE_EVENT_DIAGNOSTIC,5.0,NEAR_OBSERVER_0_10KM,3,3,2.0,2.0,3,0,0,0,3,16375.027351733333,86.51208114666667,0.0,COARSE_LOW_CLOUD_PRESENT_NATIVE_TIME_UNMATCHED,OBSERVER_ENVIRONMENT_TIMELINE_ONLY_NO_PHYSICS_PROMOTION,False,False,False
2026-09-14 17:45:21.746064+08:00,2026-09-14 18:00:21.746064+08:00,-15,PRE_EVENT,PRE_CORE_EVENT_DIAGNOSTIC,5.0,PRIMARY_GT10_40KM,6,6,4.1260067622222225,5.0,6,0,0,0,6,15026.375656,89.24395942666666,0.0,COARSE_LOW_CLOUD_PRESENT_NATIVE_TIME_UNMATCHED,OBSERVER_ENVIRONMENT_TIMELINE_ONLY_NO_PHYSICS_PROMOTION,False,False,False
2026-09-14 17:50:21.746064+08:00,2026-09-14 18:00:21.746064+08:00,-10,PRE_EVENT,PRE_CORE_EVENT_DIAGNOSTIC,-5.0,EXTENDED_GT40_100KM,6,6,23.418863824444443,33.64250437333333,6,0,0,0,6,13832.553761066667,88.83937390666667,0.0,COARSE_LOW_CLOUD_PRESENT_NATIVE_TIME_UNMATCHED,OBSERVER_ENVIRONMENT_TIMELINE_ONLY_NO_PHYSICS_PROMOTION,False,False,False
2026-09-14 17:50:21.746064+08:00,2026-09-14 18:00:21.746064+08:00,-10,PRE_EVENT,PRE_CORE_EVENT_DIAGNOSTIC,-5.0,NEAR_OBSERVER_0_10KM,3,3,1.6666666666666667,2.0,3,0,0,0,3,16513.360685066666,86.67874781333333,0.0,COARSE_LOW_CLOUD_PRESENT_NATIVE_TIME_UNMATCHED,OBSERVER_ENVIRONMENT_TIMELINE_ONLY_NO_PHYSICS_PROMOTION,False,False,False
2026-09-14 17:50:21.746064+08:00,2026-09-14 18:00:21.746064+08:00,-10,PRE_EVENT,PRE_CORE_EVENT_DIAGNOSTIC,-5.0,PRIMARY_GT10_40KM,6,6,5.2711420066666665,9.55436516,6,0,0,0,6,15834.299825066666,90.16062609333333,0.0,COARSE_LOW_CLOUD_PRESENT_NATIVE_TIME_UNMATCHED,OBSERVER_ENVIRONMENT_TIMELINE_ONLY_NO_PHYSICS_PROMOTION,False,False,False
2026-09-14 17:50:21.746064+08:00,2026-09-14 18:00:21.746064+08:00,-10,PRE_EVENT,PRE_CORE_EVENT_DIAGNOSTIC,0.0,EXTENDED_GT40_100KM,6,6,28.27896817333333,33.1812172,6,0,0,0,6,13800.2142712,88.0,0.0,COARSE_LOW_CLOUD_PRESENT_NATIVE_TIME_UNMATCHED,OBSERVER_ENVIRONMENT_TIMELINE_ONLY_NO_PHYSICS_PROMOTION,False,False,False
2026-09-14 17:50:21.746064+08:00,2026-09-14 18:00:21.746064+08:00,-10,PRE_EVENT,PRE_CORE_EVENT_DIAGNOSTIC,0.0,NEAR_OBSERVER_0_10KM,3,3,1.6666666666666667,2.0,3,0,0,0,3,16513.360685066666,86.67874781333333,0.0,COARSE_LOW_CLOUD_PRESENT_NATIVE_TIME_UNMATCHED,OBSERVER_ENVIRONMENT_TIMELINE_ONLY_NO_PHYSICS_PROMOTION,False,False,False
2026-09-14 17:50:21.746064+08:00,2026-09-14 18:00:21.746064+08:00,-10,PRE_EVENT,PRE_CORE_EVENT_DIAGNOSTIC,0.0,PRIMARY_GT10_40KM,6,6,4.139895651111112,5.0,6,0,0,0,6,14976.375656,89.16062609333333,0.0,COARSE_LOW_CLOUD_PRESENT_NATIVE_TIME_UNMATCHED,OBSERVER_ENVIRONMENT_TIMELINE_ONLY_NO_PHYSICS_PROMOTION,False,False,False
2026-09-14 17:50:21.746064+08:00,2026-09-14 18:00:21.746064+08:00,-10,PRE_EVENT,PRE_CORE_EVENT_DIAGNOSTIC,5.0,EXTENDED_GT40_100KM,6,6,39.96279409555556,52.69933892,6,0,0,0,6,12863.3280176,87.83937390666667,0.0,COARSE_LOW_CLOUD_PRESENT_NATIVE_TIME_UNMATCHED,OBSERVER_ENVIRONMENT_TIMELINE_ONLY_NO_PHYSICS_PROMOTION,False,False,False
2026-09-14 17:50:21.746064+08:00,2026-09-14 18:00:21.746064+08:00,-10,PRE_EVENT,PRE_CORE_EVENT_DIAGNOSTIC,5.0,NEAR_OBSERVER_0_10KM,3,3,2.0,2.0,3,0,0,0,3,16513.360685066666,86.67874781333333,0.0,COARSE_LOW_CLOUD_PRESENT_NATIVE_TIME_UNMATCHED,OBSERVER_ENVIRONMENT_TIMELINE_ONLY_NO_PHYSICS_PROMOTION,False,False,False
2026-09-14 17:50:21.746064+08:00,2026-09-14 18:00:21.746064+08:00,-10,PRE_EVENT,PRE_CORE_EVENT_DIAGNOSTIC,5.0,PRIMARY_GT10_40KM,6,6,4.139895651111112,5.0,6,0,0,0,6,14976.375656,89.16062609333333,0.0,COARSE_LOW_CLOUD_PRESENT_NATIVE_TIME_UNMATCHED,OBSERVER_ENVIRONMENT_TIMELINE_ONLY_NO_PHYSICS_PROMOTION,False,False,False
2026-09-14 17:55:21.746064+08:00,2026-09-14 18:00:21.746064+08:00,-5,PRE_EVENT,PRE_CORE_EVENT_DIAGNOSTIC,-5.0,EXTENDED_GT40_100KM,6,6,22.682752713333333,33.30917104,6,0,0,0,6,13545.887094400001,88.92270724,0.0,COARSE_LOW_CLOUD_PRESENT_NATIVE_TIME_UNMATCHED,OBSERVER_ENVIRONMENT_TIMELINE_ONLY_NO_PHYSICS_PROMOTION,False,False,False
2026-09-14 17:55:21.746064+08:00,2026-09-14 18:00:21.746064+08:00,-5,PRE_EVENT,PRE_CORE_EVENT_DIAGNOSTIC,-5.0,NEAR_OBSERVER_0_10KM,3,3,1.6666666666666667,2.0,3,0,0,0,3,16651.6940184,86.84541448,0.0,COARSE_LOW_CLOUD_PRESENT_NATIVE_TIME_UNMATCHED,OBSERVER_ENVIRONMENT_TIMELINE_ONLY_NO_PHYSICS_PROMOTION,False,False,False
2026-09-14 17:55:21.746064+08:00,2026-09-14 18:00:21.746064+08:00,-5,PRE_EVENT,PRE_CORE_EVENT_DIAGNOSTIC,-5.0,PRIMARY_GT10_40KM,6,6,5.5628086733333335,10.30436516,6,0,0,0,6,15847.6331584,90.07729276,0.0,COARSE_LOW_CLOUD_PRESENT_NATIVE_TIME_UNMATCHED,OBSERVER_ENVIRONMENT_TIMELINE_ONLY_NO_PHYSICS_PROMOTION,False,False,False
2026-09-14 17:55:21.746064+08:00,2026-09-14 18:00:21.746064+08:00,-5,PRE_EVENT,PRE_CORE_EVENT_DIAGNOSTIC,0.0,EXTENDED_GT40_100KM,6,6,27.52896817333333,35.6812172,6,0,0,0,6,13665.2142712,88.0,0.0,COARSE_LOW_CLOUD_PRESENT_NATIVE_TIME_UNMATCHED,OBSERVER_ENVIRONMENT_TIMELINE_ONLY_NO_PHYSICS_PROMOTION,False,False,False
2026-09-14 17:55:21.746064+08:00,2026-09-14 18:00:21.746064+08:00,-5,PRE_EVENT,PRE_CORE_EVENT_DIAGNOSTIC,0.0,NEAR_OBSERVER_0_10KM,3,3,1.6666666666666667,2.0,3,0,0,0,3,16651.6940184,86.84541448,0.0,COARSE_LOW_CLOUD_PRESENT_NATIVE_TIME_UNMATCHED,OBSERVER_ENVIRONMENT_TIMELINE_ONLY_NO_PHYSICS_PROMOTION,False,False,False
2026-09-14 17:55:21.746064+08:00,2026-09-14 18:00:21.746064+08:00,-5,PRE_EVENT,PRE_CORE_EVENT_DIAGNOSTIC,0.0,PRIMARY_GT10_40KM,6,6,4.153784539999999,5.0,6,0,0,0,6,14926.375656,89.07729276,0.0,COARSE_LOW_CLOUD_PRESENT_NATIVE_TIME_UNMATCHED,OBSERVER_ENVIRONMENT_TIMELINE_ONLY_NO_PHYSICS_PROMOTION,False,False,False
2026-09-14 17:55:21.746064+08:00,2026-09-14 18:00:21.746064+08:00,-5,PRE_EVENT,PRE_CORE_EVENT_DIAGNOSTIC,5.0,EXTENDED_GT40_100KM,6,6,41.36557187333333,55.44933892,6,0,0,0,6,12633.3280176,87.92270724,0.0,COARSE_LOW_CLOUD_PRESENT_NATIVE_TIME_UNMATCHED,OBSERVER_ENVIRONMENT_TIMELINE_ONLY_NO_PHYSICS_PROMOTION,False,False,False
2026-09-14 17:55:21.746064+08:00,2026-09-14 18:00:21.746064+08:00,-5,PRE_EVENT,PRE_CORE_EVENT_DIAGNOSTIC,5.0,NEAR_OBSERVER_0_10KM,3,3,2.0,2.0,3,0,0,0,3,16651.6940184,86.84541448,0.0,COARSE_LOW_CLOUD_PRESENT_NATIVE_TIME_UNMATCHED,OBSERVER_ENVIRONMENT_TIMELINE_ONLY_NO_PHYSICS_PROMOTION,False,False,False
2026-09-14 17:55:21.746064+08:00,2026-09-14 18:00:21.746064+08:00,-5,PRE_EVENT,PRE_CORE_EVENT_DIAGNOSTIC,5.0,PRIMARY_GT10_40KM,6,6,4.153784539999999,5.0,6,0,0,0,6,14926.375656,89.07729276,0.0,COARSE_LOW_CLOUD_PRESENT_NATIVE_TIME_UNMATCHED,OBSERVER_ENVIRONMENT_TIMELINE_ONLY_NO_PHYSICS_PROMOTION,False,False,False
2026-09-14 18:00:21.746064+08:00,2026-09-14 18:00:21.746064+08:00,0,EVENT_TIME,CORE_0_TO_MINUS6_TIME_RANGE,-5.0,EXTENDED_GT40_100KM,6,6,22.02114200666667,33.06644630666667,6,6,0,6,0,13275.046729866666,88.98791885333333,0.0,COARSE_LOW_CLOUD_PRESENT_NATIVE_3D_NOT_RECONSTRUCTED,OBSERVER_ENVIRONMENT_TIMELINE_ONLY_NO_PHYSICS_PROMOTION,False,False,False
2026-09-14 18:00:21.746064+08:00,2026-09-14 18:00:21.746064+08:00,0,EVENT_TIME,CORE_0_TO_MINUS6_TIME_RANGE,-5.0,NEAR_OBSERVER_0_10KM,3,3,1.7029101066666668,2.0422840133333335,3,3,0,3,0,16801.625252533333,86.95771598666667,0.0,COARSE_LOW_CLOUD_PRESENT_NATIVE_3D_NOT_RECONSTRUCTED,OBSERVER_ENVIRONMENT_TIMELINE_ONLY_NO_PHYSICS_PROMOTION,False,False,False
2026-09-14 18:00:21.746064+08:00,2026-09-14 18:00:21.746064+08:00,0,EVENT_TIME,CORE_0_TO_MINUS6_TIME_RANGE,-5.0,PRIMARY_GT10_40KM,6,6,5.811184564444445,10.94563484,6,6,0,6,0,15861.570549066666,89.99395942666666,0.0,COARSE_LOW_CLOUD_PRESENT_NATIVE_3D_NOT_RECONSTRUCTED,OBSERVER_ENVIRONMENT_TIMELINE_ONLY_NO_PHYSICS_PROMOTION,False,False,False
2026-09-14 18:00:21.746064+08:00,2026-09-14 18:00:21.746064+08:00,0,EVENT_TIME,CORE_0_TO_MINUS6_TIME_RANGE,0.0,EXTENDED_GT40_100KM,6,6,26.898772877777777,37.99395942666666,6,6,0,6,0,13547.490310933334,87.99395942666666,0.0,COARSE_LOW_CLOUD_PRESENT_NATIVE_3D_NOT_RECONSTRUCTED,OBSERVER_ENVIRONMENT_TIMELINE_ONLY_NO_PHYSICS_PROMOTION,False,False,False
2026-09-14 18:00:21.746064+08:00,2026-09-14 18:00:21.746064+08:00,0,EVENT_TIME,CORE_0_TO_MINUS6_TIME_RANGE,0.0,NEAR_OBSERVER_0_10KM,3,3,1.7029101066666668,2.0422840133333335,3,3,0,3,0,16801.625252533333,86.95771598666667,0.0,COARSE_LOW_CLOUD_PRESENT_NATIVE_3D_NOT_RECONSTRUCTED,OBSERVER_ENVIRONMENT_TIMELINE_ONLY_NO_PHYSICS_PROMOTION,False,False,False
2026-09-14 18:00:21.746064+08:00,2026-09-14 18:00:21.746064+08:00,0,EVENT_TIME,CORE_0_TO_MINUS6_TIME_RANGE,0.0,PRIMARY_GT10_40KM,6,6,4.157605806666667,4.98187828,6,6,0,6,0,14883.503532533334,88.99395942666666,0.0,COARSE_LOW_CLOUD_PRESENT_NATIVE_3D_NOT_RECONSTRUCTED,OBSERVER_ENVIRONMENT_TIMELINE_ONLY_NO_PHYSICS_PROMOTION,False,False,False
2026-09-14 18:00:21.746064+08:00,2026-09-14 18:00:21.746064+08:00,0,EVENT_TIME,CORE_0_TO_MINUS6_TIME_RANGE,5.0,EXTENDED_GT40_100KM,6,6,42.657605806666666,57.921472546666664,6,6,0,6,0,12424.107589866666,87.98791885333333,0.0,COARSE_LOW_CLOUD_PRESENT_NATIVE_3D_NOT_RECONSTRUCTED,OBSERVER_ENVIRONMENT_TIMELINE_ONLY_NO_PHYSICS_PROMOTION,False,False,False
2026-09-14 18:00:21.746064+08:00,2026-09-14 18:00:21.746064+08:00,0,EVENT_TIME,CORE_0_TO_MINUS6_TIME_RANGE,5.0,NEAR_OBSERVER_0_10KM,3,3,2.0422840133333335,2.0422840133333335,3,3,0,3,0,16801.625252533333,86.95771598666667,0.0,COARSE_LOW_CLOUD_PRESENT_NATIVE_3D_NOT_RECONSTRUCTED,OBSERVER_ENVIRONMENT_TIMELINE_ONLY_NO_PHYSICS_PROMOTION,False,False,False
2026-09-14 18:00:21.746064+08:00,2026-09-14 18:00:21.746064+08:00,0,EVENT_TIME,CORE_0_TO_MINUS6_TIME_RANGE,5.0,PRIMARY_GT10_40KM,6,6,4.157605806666667,4.98187828,6,6,0,6,0,14883.503532533334,88.99395942666666,0.0,COARSE_LOW_CLOUD_PRESENT_NATIVE_3D_NOT_RECONSTRUCTED,OBSERVER_ENVIRONMENT_TIMELINE_ONLY_NO_PHYSICS_PROMOTION,False,False,False
2026-09-14 18:05:21.746064+08:00,2026-09-14 18:00:21.746064+08:00,5,POST_EVENT_DIAGNOSTIC,CORE_0_TO_MINUS6_TIME_RANGE,-5.0,EXTENDED_GT40_100KM,6,6,22.312808673333333,33.983112973333334,6,6,0,6,0,13206.713396533334,88.82125218666667,0.0,COARSE_LOW_CLOUD_PRESENT_NATIVE_3D_NOT_RECONSTRUCTED,OBSERVER_ENVIRONMENT_TIMELINE_ONLY_NO_PHYSICS_PROMOTION,False,False,False
2026-09-14 18:05:21.746064+08:00,2026-09-14 18:00:21.746064+08:00,5,POST_EVENT_DIAGNOSTIC,CORE_0_TO_MINUS6_TIME_RANGE,-5.0,NEAR_OBSERVER_0_10KM,3,3,2.2029101066666663,2.6256173466666666,3,3,0,3,0,17099.958585866665,86.37438265333333,0.0,COARSE_LOW_CLOUD_PRESENT_NATIVE_3D_NOT_RECONSTRUCTED,OBSERVER_ENVIRONMENT_TIMELINE_ONLY_NO_PHYSICS_PROMOTION,False,False,False
2026-09-14 18:05:21.746064+08:00,2026-09-14 18:00:21.746064+08:00,5,POST_EVENT_DIAGNOSTIC,CORE_0_TO_MINUS6_TIME_RANGE,-5.0,PRIMARY_GT10_40KM,6,6,5.505629008888889,10.19563484,6,6,0,6,0,15883.237215733334,89.91062609333333,0.0,COARSE_LOW_CLOUD_PRESENT_NATIVE_3D_NOT_RECONSTRUCTED,OBSERVER_ENVIRONMENT_TIMELINE_ONLY_NO_PHYSICS_PROMOTION,False,False,False
2026-09-14 18:05:21.746064+08:00,2026-09-14 18:00:21.746064+08:00,5,POST_EVENT_DIAGNOSTIC,CORE_0_TO_MINUS6_TIME_RANGE,0.0,EXTENDED_GT40_100KM,6,6,27.801550655555555,37.910626093333335,6,6,0,6,0,13650.823644266668,87.91062609333333,0.0,COARSE_LOW_CLOUD_PRESENT_NATIVE_3D_NOT_RECONSTRUCTED,OBSERVER_ENVIRONMENT_TIMELINE_ONLY_NO_PHYSICS_PROMOTION,False,False,False
2026-09-14 18:05:21.746064+08:00,2026-09-14 18:00:21.746064+08:00,5,POST_EVENT_DIAGNOSTIC,CORE_0_TO_MINUS6_TIME_RANGE,0.0,NEAR_OBSERVER_0_10KM,3,3,2.2029101066666663,2.6256173466666666,3,3,0,3,0,17099.958585866665,86.37438265333333,0.0,COARSE_LOW_CLOUD_PRESENT_NATIVE_3D_NOT_RECONSTRUCTED,OBSERVER_ENVIRONMENT_TIMELINE_ONLY_NO_PHYSICS_PROMOTION,False,False,False
2026-09-14 18:05:21.746064+08:00,2026-09-14 18:00:21.746064+08:00,5,POST_EVENT_DIAGNOSTIC,CORE_0_TO_MINUS6_TIME_RANGE,0.0,PRIMARY_GT10_40KM,6,6,4.032605806666666,4.73187828,6,6,0,6,0,14931.836865866666,88.91062609333333,0.0,COARSE_LOW_CLOUD_PRESENT_NATIVE_3D_NOT_RECONSTRUCTED,OBSERVER_ENVIRONMENT_TIMELINE_ONLY_NO_PHYSICS_PROMOTION,False,False,False
2026-09-14 18:05:21.746064+08:00,2026-09-14 18:00:21.746064+08:00,5,POST_EVENT_DIAGNOSTIC,CORE_0_TO_MINUS6_TIME_RANGE,5.0,EXTENDED_GT40_100KM,6,6,42.532605806666666,56.838139213333335,6,6,0,6,0,12480.774256533334,87.82125218666667,0.0,COARSE_LOW_CLOUD_PRESENT_NATIVE_3D_NOT_RECONSTRUCTED,OBSERVER_ENVIRONMENT_TIMELINE_ONLY_NO_PHYSICS_PROMOTION,False,False,False
2026-09-14 18:05:21.746064+08:00,2026-09-14 18:00:21.746064+08:00,5,POST_EVENT_DIAGNOSTIC,CORE_0_TO_MINUS6_TIME_RANGE,5.0,NEAR_OBSERVER_0_10KM,3,3,2.6256173466666666,2.6256173466666666,3,3,0,3,0,17099.958585866665,86.37438265333333,0.0,COARSE_LOW_CLOUD_PRESENT_NATIVE_3D_NOT_RECONSTRUCTED,OBSERVER_ENVIRONMENT_TIMELINE_ONLY_NO_PHYSICS_PROMOTION,False,False,False
2026-09-14 18:05:21.746064+08:00,2026-09-14 18:00:21.746064+08:00,5,POST_EVENT_DIAGNOSTIC,CORE_0_TO_MINUS6_TIME_RANGE,5.0,PRIMARY_GT10_40KM,6,6,4.032605806666666,4.73187828,6,6,0,6,0,14931.836865866666,88.91062609333333,0.0,COARSE_LOW_CLOUD_PRESENT_NATIVE_3D_NOT_RECONSTRUCTED,OBSERVER_ENVIRONMENT_TIMELINE_ONLY_NO_PHYSICS_PROMOTION,False,False,False
2026-09-14 18:10:21.746064+08:00,2026-09-14 18:00:21.746064+08:00,10,POST_EVENT_DIAGNOSTIC,CORE_0_TO_MINUS6_TIME_RANGE,-5.0,EXTENDED_GT40_100KM,6,6,22.604475339999997,34.89977964,6,6,0,6,0,13138.3800632,88.65458552,0.0,COARSE_LOW_CLOUD_PRESENT_NATIVE_3D_NOT_RECONSTRUCTED,OBSERVER_ENVIRONMENT_TIMELINE_ONLY_NO_PHYSICS_PROMOTION,False,False,False
2026-09-14 18:10:21.746064+08:00,2026-09-14 18:00:21.746064+08:00,10,POST_EVENT_DIAGNOSTIC,CORE_0_TO_MINUS6_TIME_RANGE,-5.0,NEAR_OBSERVER_0_10KM,3,3,2.7029101066666663,3.20895068,3,3,0,3,0,17398.2919192,85.79104932,0.0,COARSE_LOW_CLOUD_PRESENT_NATIVE_3D_NOT_RECONSTRUCTED,OBSERVER_ENVIRONMENT_TIMELINE_ONLY_NO_PHYSICS_PROMOTION,False,False,False
2026-09-14 18:10:21.746064+08:00,2026-09-14 18:00:21.746064+08:00,10,POST_EVENT_DIAGNOSTIC,CORE_0_TO_MINUS6_TIME_RANGE,-5.0,PRIMARY_GT10_40KM,6,6,5.200073453333333,9.44563484,6,6,0,6,0,15904.9038824,89.82729276,0.0,COARSE_LOW_CLOUD_PRESENT_NATIVE_3D_NOT_RECONSTRUCTED,OBSERVER_ENVIRONMENT_TIMELINE_ONLY_NO_PHYSICS_PROMOTION,False,False,False
2026-09-14 18:10:21.746064+08:00,2026-09-14 18:00:21.746064+08:00,10,POST_EVENT_DIAGNOSTIC,CORE_0_TO_MINUS6_TIME_RANGE,0.0,EXTENDED_GT40_100KM,6,6,28.70432843333333,37.82729276,6,6,0,6,0,13572.5811128,87.82729276,0.0,COARSE_LOW_CLOUD_PRESENT_NATIVE_3D_NOT_RECONSTRUCTED,OBSERVER_ENVIRONMENT_TIMELINE_ONLY_NO_PHYSICS_PROMOTION,False,False,False
2026-09-14 18:10:21.746064+08:00,2026-09-14 18:00:21.746064+08:00,10,POST_EVENT_DIAGNOSTIC,CORE_0_TO_MINUS6_TIME_RANGE,0.0,NEAR_OBSERVER_0_10KM,3,3,2.7029101066666663,3.20895068,3,3,0,3,0,17398.2919192,85.79104932,0.0,COARSE_LOW_CLOUD_PRESENT_NATIVE_3D_NOT_RECONSTRUCTED,OBSERVER_ENVIRONMENT_TIMELINE_ONLY_NO_PHYSICS_PROMOTION,False,False,False
2026-09-14 18:10:21.746064+08:00,2026-09-14 18:00:21.746064+08:00,10,POST_EVENT_DIAGNOSTIC,CORE_0_TO_MINUS6_TIME_RANGE,0.0,PRIMARY_GT10_40KM,6,6,3.9076058066666666,4.48187828,6,6,0,6,0,14980.1701992,88.82729276,0.0,COARSE_LOW_CLOUD_PRESENT_NATIVE_3D_NOT_RECONSTRUCTED,OBSERVER_ENVIRONMENT_TIMELINE_ONLY_NO_PHYSICS_PROMOTION,False,False,False
2026-09-14 18:10:21.746064+08:00,2026-09-14 18:00:21.746064+08:00,10,POST_EVENT_DIAGNOSTIC,CORE_0_TO_MINUS6_TIME_RANGE,5.0,EXTENDED_GT40_100KM,6,6,42.407605806666666,55.75480588,6,6,0,6,0,12537.4409232,87.65458552,0.0,COARSE_LOW_CLOUD_PRESENT_NATIVE_3D_NOT_RECONSTRUCTED,OBSERVER_ENVIRONMENT_TIMELINE_ONLY_NO_PHYSICS_PROMOTION,False,False,False
2026-09-14 18:10:21.746064+08:00,2026-09-14 18:00:21.746064+08:00,10,POST_EVENT_DIAGNOSTIC,CORE_0_TO_MINUS6_TIME_RANGE,5.0,NEAR_OBSERVER_0_10KM,3,3,3.2089506799999996,3.20895068,3,3,0,3,0,17398.2919192,85.79104932,0.0,COARSE_LOW_CLOUD_PRESENT_NATIVE_3D_NOT_RECONSTRUCTED,OBSERVER_ENVIRONMENT_TIMELINE_ONLY_NO_PHYSICS_PROMOTION,False,False,False
2026-09-14 18:10:21.746064+08:00,2026-09-14 18:00:21.746064+08:00,10,POST_EVENT_DIAGNOSTIC,CORE_0_TO_MINUS6_TIME_RANGE,5.0,PRIMARY_GT10_40KM,6,6,3.9076058066666666,4.48187828,6,6,0,6,0,14980.1701992,88.82729276,0.0,COARSE_LOW_CLOUD_PRESENT_NATIVE_3D_NOT_RECONSTRUCTED,OBSERVER_ENVIRONMENT_TIMELINE_ONLY_NO_PHYSICS_PROMOTION,False,False,False
2026-09-14 18:15:21.746064+08:00,2026-09-14 18:00:21.746064+08:00,15,POST_EVENT_DIAGNOSTIC,CORE_0_TO_MINUS6_TIME_RANGE,-5.0,EXTENDED_GT40_100KM,6,6,22.89614200666667,35.81644630666667,6,6,0,6,0,13070.046729866666,88.48791885333333,0.0,COARSE_LOW_CLOUD_PRESENT_NATIVE_3D_NOT_RECONSTRUCTED,OBSERVER_ENVIRONMENT_TIMELINE_ONLY_NO_PHYSICS_PROMOTION,False,False,False
2026-09-14 18:15:21.746064+08:00,2026-09-14 18:00:21.746064+08:00,15,POST_EVENT_DIAGNOSTIC,CORE_0_TO_MINUS6_TIME_RANGE,-5.0,NEAR_OBSERVER_0_10KM,3,3,3.2029101066666663,3.7922840133333335,3,3,0,3,0,17696.625252533333,85.20771598666667,0.0,COARSE_LOW_CLOUD_PRESENT_NATIVE_3D_NOT_RECONSTRUCTED,OBSERVER_ENVIRONMENT_TIMELINE_ONLY_NO_PHYSICS_PROMOTION,False,False,False
2026-09-14 18:15:21.746064+08:00,2026-09-14 18:00:21.746064+08:00,15,POST_EVENT_DIAGNOSTIC,CORE_0_TO_MINUS6_TIME_RANGE,-5.0,PRIMARY_GT10_40KM,6,6,4.894517897777778,8.69563484,6,6,0,6,0,15926.570549066666,89.74395942666666,0.0,COARSE_LOW_CLOUD_PRESENT_NATIVE_3D_NOT_RECONSTRUCTED,OBSERVER_ENVIRONMENT_TIMELINE_ONLY_NO_PHYSICS_PROMOTION,False,False,False
2026-09-14 18:15:21.746064+08:00,2026-09-14 18:00:21.746064+08:00,15,POST_EVENT_DIAGNOSTIC,CORE_0_TO_MINUS6_TIME_RANGE,0.0,EXTENDED_GT40_100KM,6,6,29.607106211111113,37.74395942666666,6,6,0,6,0,13424.247779466667,87.74395942666666,0.0,COARSE_LOW_CLOUD_PRESENT_NATIVE_3D_NOT_RECONSTRUCTED,OBSERVER_ENVIRONMENT_TIMELINE_ONLY_NO_PHYSICS_PROMOTION,False,False,False
2026-09-14 18:15:21.746064+08:00,2026-09-14 18:00:21.746064+08:00,15,POST_EVENT_DIAGNOSTIC,CORE_0_TO_MINUS6_TIME_RANGE,0.0,NEAR_OBSERVER_0_10KM,3,3,3.2029101066666663,3.7922840133333335,3,3,0,3,0,17696.625252533333,85.20771598666667,0.0,COARSE_LOW_CLOUD_PRESENT_NATIVE_3D_NOT_RECONSTRUCTED,OBSERVER_ENVIRONMENT_TIMELINE_ONLY_NO_PHYSICS_PROMOTION,False,False,False
2026-09-14 18:15:21.746064+08:00,2026-09-14 18:00:21.746064+08:00,15,POST_EVENT_DIAGNOSTIC,CORE_0_TO_MINUS6_TIME_RANGE,0.0,PRIMARY_GT10_40KM,6,6,3.7826058066666666,4.23187828,6,6,0,6,0,15028.503532533334,88.74395942666666,0.0,COARSE_LOW_CLOUD_PRESENT_NATIVE_3D_NOT_RECONSTRUCTED,OBSERVER_ENVIRONMENT_TIMELINE_ONLY_NO_PHYSICS_PROMOTION,False,False,False
2026-09-14 18:15:21.746064+08:00,2026-09-14 18:00:21.746064+08:00,15,POST_EVENT_DIAGNOSTIC,CORE_0_TO_MINUS6_TIME_RANGE,5.0,EXTENDED_GT40_100KM,6,6,42.282605806666666,54.671472546666664,6,6,0,6,0,12594.107589866666,87.48791885333333,0.0,COARSE_LOW_CLOUD_PRESENT_NATIVE_3D_NOT_RECONSTRUCTED,OBSERVER_ENVIRONMENT_TIMELINE_ONLY_NO_PHYSICS_PROMOTION,False,False,False
2026-09-14 18:15:21.746064+08:00,2026-09-14 18:00:21.746064+08:00,15,POST_EVENT_DIAGNOSTIC,CORE_0_TO_MINUS6_TIME_RANGE,5.0,NEAR_OBSERVER_0_10KM,3,3,3.7922840133333335,3.7922840133333335,3,3,0,3,0,17696.625252533333,85.20771598666667,0.0,COARSE_LOW_CLOUD_PRESENT_NATIVE_3D_NOT_RECONSTRUCTED,OBSERVER_ENVIRONMENT_TIMELINE_ONLY_NO_PHYSICS_PROMOTION,False,False,False
2026-09-14 18:15:21.746064+08:00,2026-09-14 18:00:21.746064+08:00,15,POST_EVENT_DIAGNOSTIC,CORE_0_TO_MINUS6_TIME_RANGE,5.0,PRIMARY_GT10_40KM,6,6,3.7826058066666666,4.23187828,6,6,0,6,0,15028.503532533334,88.74395942666666,0.0,COARSE_LOW_CLOUD_PRESENT_NATIVE_3D_NOT_RECONSTRUCTED,OBSERVER_ENVIRONMENT_TIMELINE_ONLY_NO_PHYSICS_PROMOTION,False,False,False
2026-09-14 18:20:21.746064+08:00,2026-09-14 18:00:21.746064+08:00,20,POST_EVENT_DIAGNOSTIC,CORE_0_TO_MINUS6_TIME_RANGE,-5.0,EXTENDED_GT40_100KM,6,6,23.187808673333333,36.733112973333334,6,6,0,6,0,13001.713396533334,88.32125218666667,0.0,COARSE_LOW_CLOUD_PRESENT_NATIVE_3D_NOT_RECONSTRUCTED,OBSERVER_ENVIRONMENT_TIMELINE_ONLY_NO_PHYSICS_PROMOTION,False,False,False
2026-09-14 18:20:21.746064+08:00,2026-09-14 18:00:21.746064+08:00,20,POST_EVENT_DIAGNOSTIC,CORE_0_TO_MINUS6_TIME_RANGE,-5.0,NEAR_OBSERVER_0_10KM,3,3,3.702910106666667,4.375617346666667,3,3,0,3,0,17994.958585866665,84.62438265333333,0.0,COARSE_LOW_CLOUD_PRESENT_NATIVE_3D_NOT_RECONSTRUCTED,OBSERVER_ENVIRONMENT_TIMELINE_ONLY_NO_PHYSICS_PROMOTION,False,False,False
2026-09-14 18:20:21.746064+08:00,2026-09-14 18:00:21.746064+08:00,20,POST_EVENT_DIAGNOSTIC,CORE_0_TO_MINUS6_TIME_RANGE,-5.0,PRIMARY_GT10_40KM,6,6,4.5889623422222225,7.94563484,6,6,0,6,0,15948.237215733334,89.66062609333333,0.0,COARSE_LOW_CLOUD_PRESENT_NATIVE_3D_NOT_RECONSTRUCTED,OBSERVER_ENVIRONMENT_TIMELINE_ONLY_NO_PHYSICS_PROMOTION,False,False,False
2026-09-14 18:20:21.746064+08:00,2026-09-14 18:00:21.746064+08:00,20,POST_EVENT_DIAGNOSTIC,CORE_0_TO_MINUS6_TIME_RANGE,0.0,EXTENDED_GT40_100KM,6,6,30.509883988888888,37.660626093333335,6,6,0,6,0,13275.914446133333,87.66062609333333,0.0,COARSE_LOW_CLOUD_PRESENT_NATIVE_3D_NOT_RECONSTRUCTED,OBSERVER_ENVIRONMENT_TIMELINE_ONLY_NO_PHYSICS_PROMOTION,False,False,False
2026-09-14 18:20:21.746064+08:00,2026-09-14 18:00:21.746064+08:00,20,POST_EVENT_DIAGNOSTIC,CORE_0_TO_MINUS6_TIME_RANGE,0.0,NEAR_OBSERVER_0_10KM,3,3,3.702910106666667,4.375617346666667,3,3,0,3,0,17994.958585866665,84.62438265333333,0.0,COARSE_LOW_CLOUD_PRESENT_NATIVE_3D_NOT_RECONSTRUCTED,OBSERVER_ENVIRONMENT_TIMELINE_ONLY_NO_PHYSICS_PROMOTION,False,False,False
2026-09-14 18:20:21.746064+08:00,2026-09-14 18:00:21.746064+08:00,20,POST_EVENT_DIAGNOSTIC,CORE_0_TO_MINUS6_TIME_RANGE,0.0,PRIMARY_GT10_40KM,6,6,3.6576058066666666,3.98187828,6,6,0,6,0,15076.836865866666,88.66062609333333,0.0,COARSE_LOW_CLOUD_PRESENT_NATIVE_3D_NOT_RECONSTRUCTED,OBSERVER_ENVIRONMENT_TIMELINE_ONLY_NO_PHYSICS_PROMOTION,False,False,False
2026-09-14 18:20:21.746064+08:00,2026-09-14 18:00:21.746064+08:00,20,POST_EVENT_DIAGNOSTIC,CORE_0_TO_MINUS6_TIME_RANGE,5.0,EXTENDED_GT40_100KM,6,6,42.157605806666666,53.588139213333335,6,6,0,6,0,12650.774256533334,87.32125218666667,0.0,COARSE_LOW_CLOUD_PRESENT_NATIVE_3D_NOT_RECONSTRUCTED,OBSERVER_ENVIRONMENT_TIMELINE_ONLY_NO_PHYSICS_PROMOTION,False,False,False
2026-09-14 18:20:21.746064+08:00,2026-09-14 18:00:21.746064+08:00,20,POST_EVENT_DIAGNOSTIC,CORE_0_TO_MINUS6_TIME_RANGE,5.0,NEAR_OBSERVER_0_10KM,3,3,4.375617346666667,4.375617346666667,3,3,0,3,0,17994.958585866665,84.62438265333333,0.0,COARSE_LOW_CLOUD_PRESENT_NATIVE_3D_NOT_RECONSTRUCTED,OBSERVER_ENVIRONMENT_TIMELINE_ONLY_NO_PHYSICS_PROMOTION,False,False,False
2026-09-14 18:20:21.746064+08:00,2026-09-14 18:00:21.746064+08:00,20,POST_EVENT_DIAGNOSTIC,CORE_0_TO_MINUS6_TIME_RANGE,5.0,PRIMARY_GT10_40KM,6,6,3.6576058066666666,3.98187828,6,6,0,6,0,15076.836865866666,88.66062609333333,0.0,COARSE_LOW_CLOUD_PRESENT_NATIVE_3D_NOT_RECONSTRUCTED,OBSERVER_ENVIRONMENT_TIMELINE_ONLY_NO_PHYSICS_PROMOTION,False,False,False
2026-09-14 18:25:21.746064+08:00,2026-09-14 18:00:21.746064+08:00,25,POST_EVENT_DIAGNOSTIC,CORE_0_TO_MINUS6_TIME_RANGE,-5.0,EXTENDED_GT40_100KM,6,6,23.479475339999997,37.64977964,6,6,0,6,0,12933.3800632,88.15458552,0.0,COARSE_LOW_CLOUD_PRESENT_NATIVE_3D_NOT_RECONSTRUCTED,OBSERVER_ENVIRONMENT_TIMELINE_ONLY_NO_PHYSICS_PROMOTION,False,False,False
2026-09-14 18:25:21.746064+08:00,2026-09-14 18:00:21.746064+08:00,25,POST_EVENT_DIAGNOSTIC,CORE_0_TO_MINUS6_TIME_RANGE,-5.0,NEAR_OBSERVER_0_10KM,3,3,4.202910106666667,4.95895068,3,3,0,3,0,18293.2919192,84.04104932,0.0,COARSE_LOW_CLOUD_PRESENT_NATIVE_3D_NOT_RECONSTRUCTED,OBSERVER_ENVIRONMENT_TIMELINE_ONLY_NO_PHYSICS_PROMOTION,False,False,False
2026-09-14 18:25:21.746064+08:00,2026-09-14 18:00:21.746064+08:00,25,POST_EVENT_DIAGNOSTIC,CORE_0_TO_MINUS6_TIME_RANGE,-5.0,PRIMARY_GT10_40KM,6,6,4.283406786666666,7.19563484,6,6,0,6,0,15969.9038824,89.57729276,0.0,COARSE_LOW_CLOUD_PRESENT_NATIVE_3D_NOT_RECONSTRUCTED,OBSERVER_ENVIRONMENT_TIMELINE_ONLY_NO_PHYSICS_PROMOTION,False,False,False
2026-09-14 18:25:21.746064+08:00,2026-09-14 18:00:21.746064+08:00,25,POST_EVENT_DIAGNOSTIC,CORE_0_TO_MINUS6_TIME_RANGE,0.0,EXTENDED_GT40_100KM,6,6,31.412661766666663,40.485582359999995,6,6,0,6,0,13127.5811128,87.57729276,0.0,COARSE_LOW_CLOUD_PRESENT_NATIVE_3D_NOT_RECONSTRUCTED,OBSERVER_ENVIRONMENT_TIMELINE_ONLY_NO_PHYSICS_PROMOTION,False,False,False
2026-09-14 18:25:21.746064+08:00,2026-09-14 18:00:21.746064+08:00,25,POST_EVENT_DIAGNOSTIC,CORE_0_TO_MINUS6_TIME_RANGE,0.0,NEAR_OBSERVER_0_10KM,3,3,4.202910106666667,4.95895068,3,3,0,3,0,18293.2919192,84.04104932,0.0,COARSE_LOW_CLOUD_PRESENT_NATIVE_3D_NOT_RECONSTRUCTED,OBSERVER_ENVIRONMENT_TIMELINE_ONLY_NO_PHYSICS_PROMOTION,False,False,False
2026-09-14 18:25:21.746064+08:00,2026-09-14 18:00:21.746064+08:00,25,POST_EVENT_DIAGNOSTIC,CORE_0_TO_MINUS6_TIME_RANGE,0.0,PRIMARY_GT10_40KM,6,6,3.5326058066666666,3.73187828,6,6,0,6,0,15125.1701992,88.57729276,0.0,COARSE_LOW_CLOUD_PRESENT_NATIVE_3D_NOT_RECONSTRUCTED,OBSERVER_ENVIRONMENT_TIMELINE_ONLY_NO_PHYSICS_PROMOTION,False,False,False
2026-09-14 18:25:21.746064+08:00,2026-09-14 18:00:21.746064+08:00,25,POST_EVENT_DIAGNOSTIC,CORE_0_TO_MINUS6_TIME_RANGE,5.0,EXTENDED_GT40_100KM,6,6,42.032605806666666,52.50480588,6,6,0,6,0,12685.7469048,87.15458552,0.0,COARSE_LOW_CLOUD_PRESENT_NATIVE_3D_NOT_RECONSTRUCTED,OBSERVER_ENVIRONMENT_TIMELINE_ONLY_NO_PHYSICS_PROMOTION,False,False,False
2026-09-14 18:25:21.746064+08:00,2026-09-14 18:00:21.746064+08:00,25,POST_EVENT_DIAGNOSTIC,CORE_0_TO_MINUS6_TIME_RANGE,5.0,NEAR_OBSERVER_0_10KM,3,3,4.95895068,4.95895068,3,3,0,3,0,18293.2919192,84.04104932,0.0,COARSE_LOW_CLOUD_PRESENT_NATIVE_3D_NOT_RECONSTRUCTED,OBSERVER_ENVIRONMENT_TIMELINE_ONLY_NO_PHYSICS_PROMOTION,False,False,False
2026-09-14 18:25:21.746064+08:00,2026-09-14 18:00:21.746064+08:00,25,POST_EVENT_DIAGNOSTIC,CORE_0_TO_MINUS6_TIME_RANGE,5.0,PRIMARY_GT10_40KM,6,6,3.5326058066666666,3.73187828,6,6,0,6,0,15125.1701992,88.57729276,0.0,COARSE_LOW_CLOUD_PRESENT_NATIVE_3D_NOT_RECONSTRUCTED,OBSERVER_ENVIRONMENT_TIMELINE_ONLY_NO_PHYSICS_PROMOTION,False,False,False
2026-09-14 18:30:21.746064+08:00,2026-09-14 18:00:21.746064+08:00,30,POST_EVENT_DIAGNOSTIC,POST_MINUS6_DIAGNOSTIC_ONLY,-5.0,EXTENDED_GT40_100KM,6,6,23.77114200666667,38.56644630666666,6,0,0,0,6,12865.046729866666,87.98791885333333,0.0,COARSE_LOW_CLOUD_PRESENT_NATIVE_TIME_UNMATCHED,OBSERVER_ENVIRONMENT_TIMELINE_ONLY_NO_PHYSICS_PROMOTION,False,False,False
2026-09-14 18:30:21.746064+08:00,2026-09-14 18:00:21.746064+08:00,30,POST_EVENT_DIAGNOSTIC,POST_MINUS6_DIAGNOSTIC_ONLY,-5.0,NEAR_OBSERVER_0_10KM,3,3,4.702910106666667,5.542284013333333,3,0,0,0,3,18591.625252533333,83.45771598666667,0.0,COARSE_LOW_CLOUD_PRESENT_NATIVE_TIME_UNMATCHED,OBSERVER_ENVIRONMENT_TIMELINE_ONLY_NO_PHYSICS_PROMOTION,False,False,False
2026-09-14 18:30:21.746064+08:00,2026-09-14 18:00:21.746064+08:00,30,POST_EVENT_DIAGNOSTIC,POST_MINUS6_DIAGNOSTIC_ONLY,-5.0,PRIMARY_GT10_40KM,6,6,3.9778512311111114,6.44563484,6,0,0,0,6,15991.570549066666,89.49395942666666,0.0,COARSE_LOW_CLOUD_PRESENT_NATIVE_TIME_UNMATCHED,OBSERVER_ENVIRONMENT_TIMELINE_ONLY_NO_PHYSICS_PROMOTION,False,False,False
2026-09-14 18:30:21.746064+08:00,2026-09-14 18:00:21.746064+08:00,30,POST_EVENT_DIAGNOSTIC,POST_MINUS6_DIAGNOSTIC_ONLY,0.0,EXTENDED_GT40_100KM,6,6,32.315439544444445,43.735582359999995,6,0,0,0,6,12979.247779466667,87.49395942666666,0.0,COARSE_LOW_CLOUD_PRESENT_NATIVE_TIME_UNMATCHED,OBSERVER_ENVIRONMENT_TIMELINE_ONLY_NO_PHYSICS_PROMOTION,False,False,False
2026-09-14 18:30:21.746064+08:00,2026-09-14 18:00:21.746064+08:00,30,POST_EVENT_DIAGNOSTIC,POST_MINUS6_DIAGNOSTIC_ONLY,0.0,NEAR_OBSERVER_0_10KM,3,3,4.702910106666667,5.542284013333333,3,0,0,0,3,18591.625252533333,83.45771598666667,0.0,COARSE_LOW_CLOUD_PRESENT_NATIVE_TIME_UNMATCHED,OBSERVER_ENVIRONMENT_TIMELINE_ONLY_NO_PHYSICS_PROMOTION,False,False,False
2026-09-14 18:30:21.746064+08:00,2026-09-14 18:00:21.746064+08:00,30,POST_EVENT_DIAGNOSTIC,POST_MINUS6_DIAGNOSTIC_ONLY,0.0,PRIMARY_GT10_40KM,6,6,3.4076058066666666,3.51812172,6,0,0,0,6,15173.503532533334,88.49395942666666,0.0,COARSE_LOW_CLOUD_PRESENT_NATIVE_TIME_UNMATCHED,OBSERVER_ENVIRONMENT_TIMELINE_ONLY_NO_PHYSICS_PROMOTION,False,False,False
2026-09-14 18:30:21.746064+08:00,2026-09-14 18:00:21.746064+08:00,30,POST_EVENT_DIAGNOSTIC,POST_MINUS6_DIAGNOSTIC_ONLY,5.0,EXTENDED_GT40_100KM,6,6,41.907605806666666,53.07248688,6,0,0,0,6,12604.080238133334,87.0,0.0,COARSE_LOW_CLOUD_PRESENT_NATIVE_TIME_UNMATCHED,OBSERVER_ENVIRONMENT_TIMELINE_ONLY_NO_PHYSICS_PROMOTION,False,False,False
2026-09-14 18:30:21.746064+08:00,2026-09-14 18:00:21.746064+08:00,30,POST_EVENT_DIAGNOSTIC,POST_MINUS6_DIAGNOSTIC_ONLY,5.0,NEAR_OBSERVER_0_10KM,3,3,5.542284013333333,5.542284013333333,3,0,0,0,3,18591.625252533333,83.45771598666667,0.0,COARSE_LOW_CLOUD_PRESENT_NATIVE_TIME_UNMATCHED,OBSERVER_ENVIRONMENT_TIMELINE_ONLY_NO_PHYSICS_PROMOTION,False,False,False
2026-09-14 18:30:21.746064+08:00,2026-09-14 18:00:21.746064+08:00,30,POST_EVENT_DIAGNOSTIC,POST_MINUS6_DIAGNOSTIC_ONLY,5.0,PRIMARY_GT10_40KM,6,6,3.4076058066666666,3.51812172,6,0,0,0,6,15173.503532533334,88.49395942666666,0.0,COARSE_LOW_CLOUD_PRESENT_NATIVE_TIME_UNMATCHED,OBSERVER_ENVIRONMENT_TIMELINE_ONLY_NO_PHYSICS_PROMOTION,False,False,False
