rrtmg_band,dge_um,single_scattering_albedo,asymmetry_parameter,extinction_coefficient_per_iwc,source_reference,source_path,source_sha
24,5.0,0.9999978,0.7568829,0.5042067,https://github.com/geoschem/geos-chem/blob/a4551f9442183bb572b23e9c2d362e2d34420d3a/GeosRad/rrtmg_sw_init.F90,GeosRad/rrtmg_sw_init.F90::swcldpr::extice3/ssaice3/asyice3,0ccf597d6aa3d6ed40ec592560e3ed94b653ef32
24,8.0,0.9999965,0.7597947,0.3151195,https://github.com/geoschem/geos-chem/blob/a4551f9442183bb572b23e9c2d362e2d34420d3a/GeosRad/rrtmg_sw_init.F90,GeosRad/rrtmg_sw_init.F90::swcldpr::extice3/ssaice3/asyice3,0ccf597d6aa3d6ed40ec592560e3ed94b653ef32
24,11.0,0.9999952,0.7626745,0.2291708,https://github.com/geoschem/geos-chem/blob/a4551f9442183bb572b23e9c2d362e2d34420d3a/GeosRad/rrtmg_sw_init.F90,GeosRad/rrtmg_sw_init.F90::swcldpr::extice3/ssaice3/asyice3,0ccf597d6aa3d6ed40ec592560e3ed94b653ef32
24,14.0,0.9999939,0.7655212,0.1800573,https://github.com/geoschem/geos-chem/blob/a4551f9442183bb572b23e9c2d362e2d34420d3a/GeosRad/rrtmg_sw_init.F90,GeosRad/rrtmg_sw_init.F90::swcldpr::extice3/ssaice3/asyice3,0ccf597d6aa3d6ed40ec592560e3ed94b653ef32
24,17.0,0.9999926,0.7683337,0.1482779,https://github.com/geoschem/geos-chem/blob/a4551f9442183bb572b23e9c2d362e2d34420d3a/GeosRad/rrtmg_sw_init.F90,GeosRad/rrtmg_sw_init.F90::swcldpr::extice3/ssaice3/asyice3,0ccf597d6aa3d6ed40ec592560e3ed94b653ef32
24,20.0,0.9999913,0.7711111,0.1260324,https://github.com/geoschem/geos-chem/blob/a4551f9442183bb572b23e9c2d362e2d34420d3a/GeosRad/rrtmg_sw_init.F90,GeosRad/rrtmg_sw_init.F90::swcldpr::extice3/ssaice3/asyice3,0ccf597d6aa3d6ed40ec592560e3ed94b653ef32
24,23.0,0.99999,0.7738523,0.10959,https://github.com/geoschem/geos-chem/blob/a4551f9442183bb572b23e9c2d362e2d34420d3a/GeosRad/rrtmg_sw_init.F90,GeosRad/rrtmg_sw_init.F90::swcldpr::extice3/ssaice3/asyice3,0ccf597d6aa3d6ed40ec592560e3ed94b653ef32
24,26.0,0.9999887,0.7765565,0.09694202,https://github.com/geoschem/geos-chem/blob/a4551f9442183bb572b23e9c2d362e2d34420d3a/GeosRad/rrtmg_sw_init.F90,GeosRad/rrtmg_sw_init.F90::swcldpr::extice3/ssaice3/asyice3,0ccf597d6aa3d6ed40ec592560e3ed94b653ef32
24,29.0,0.9999873,0.7792225,0.08691087,https://github.com/geoschem/geos-chem/blob/a4551f9442183bb572b23e9c2d362e2d34420d3a/GeosRad/rrtmg_sw_init.F90,GeosRad/rrtmg_sw_init.F90::swcldpr::extice3/ssaice3/asyice3,0ccf597d6aa3d6ed40ec592560e3ed94b653ef32
24,32.0,0.999986,0.7818494,0.07876056,https://github.com/geoschem/geos-chem/blob/a4551f9442183bb572b23e9c2d362e2d34420d3a/GeosRad/rrtmg_sw_init.F90,GeosRad/rrtmg_sw_init.F90::swcldpr::extice3/ssaice3/asyice3,0ccf597d6aa3d6ed40ec592560e3ed94b653ef32
24,35.0,0.9999847,0.7844362,0.07200745,https://github.com/geoschem/geos-chem/blob/a4551f9442183bb572b23e9c2d362e2d34420d3a/GeosRad/rrtmg_sw_init.F90,GeosRad/rrtmg_sw_init.F90::swcldpr::extice3/ssaice3/asyice3,0ccf597d6aa3d6ed40ec592560e3ed94b653ef32
24,38.0,0.9999834,0.7869819,0.06632062,https://github.com/geoschem/geos-chem/blob/a4551f9442183bb572b23e9c2d362e2d34420d3a/GeosRad/rrtmg_sw_init.F90,GeosRad/rrtmg_sw_init.F90::swcldpr::extice3/ssaice3/asyice3,0ccf597d6aa3d6ed40ec592560e3ed94b653ef32
24,41.0,0.9999821,0.7894854,0.061466,https://github.com/geoschem/geos-chem/blob/a4551f9442183bb572b23e9c2d362e2d34420d3a/GeosRad/rrtmg_sw_init.F90,GeosRad/rrtmg_sw_init.F90::swcldpr::extice3/ssaice3/asyice3,0ccf597d6aa3d6ed40ec592560e3ed94b653ef32
24,44.0,0.9999808,0.7919459,0.05727338,https://github.com/geoschem/geos-chem/blob/a4551f9442183bb572b23e9c2d362e2d34420d3a/GeosRad/rrtmg_sw_init.F90,GeosRad/rrtmg_sw_init.F90::swcldpr::extice3/ssaice3/asyice3,0ccf597d6aa3d6ed40ec592560e3ed94b653ef32
24,47.0,0.9999795,0.7943623,0.05361599,https://github.com/geoschem/geos-chem/blob/a4551f9442183bb572b23e9c2d362e2d34420d3a/GeosRad/rrtmg_sw_init.F90,GeosRad/rrtmg_sw_init.F90::swcldpr::extice3/ssaice3/asyice3,0ccf597d6aa3d6ed40ec592560e3ed94b653ef32
24,50.0,0.9999782,0.7967337,0.05039749,https://github.com/geoschem/geos-chem/blob/a4551f9442183bb572b23e9c2d362e2d34420d3a/GeosRad/rrtmg_sw_init.F90,GeosRad/rrtmg_sw_init.F90::swcldpr::extice3/ssaice3/asyice3,0ccf597d6aa3d6ed40ec592560e3ed94b653ef32
24,53.0,0.9999769,0.799059,0.04754334,https://github.com/geoschem/geos-chem/blob/a4551f9442183bb572b23e9c2d362e2d34420d3a/GeosRad/rrtmg_sw_init.F90,GeosRad/rrtmg_sw_init.F90::swcldpr::extice3/ssaice3/asyice3,0ccf597d6aa3d6ed40ec592560e3ed94b653ef32
24,56.0,0.9999756,0.8013373,0.044995,https://github.com/geoschem/geos-chem/blob/a4551f9442183bb572b23e9c2d362e2d34420d3a/GeosRad/rrtmg_sw_init.F90,GeosRad/rrtmg_sw_init.F90::swcldpr::extice3/ssaice3/asyice3,0ccf597d6aa3d6ed40ec592560e3ed94b653ef32
24,59.0,0.9999743,0.8035676,0.0427058,https://github.com/geoschem/geos-chem/blob/a4551f9442183bb572b23e9c2d362e2d34420d3a/GeosRad/rrtmg_sw_init.F90,GeosRad/rrtmg_sw_init.F90::swcldpr::extice3/ssaice3/asyice3,0ccf597d6aa3d6ed40ec592560e3ed94b653ef32
24,62.0,0.999973,0.8057488,0.04063815,https://github.com/geoschem/geos-chem/blob/a4551f9442183bb572b23e9c2d362e2d34420d3a/GeosRad/rrtmg_sw_init.F90,GeosRad/rrtmg_sw_init.F90::swcldpr::extice3/ssaice3/asyice3,0ccf597d6aa3d6ed40ec592560e3ed94b653ef32
24,65.0,0.9999717,0.8078802,0.03876135,https://github.com/geoschem/geos-chem/blob/a4551f9442183bb572b23e9c2d362e2d34420d3a/GeosRad/rrtmg_sw_init.F90,GeosRad/rrtmg_sw_init.F90::swcldpr::extice3/ssaice3/asyice3,0ccf597d6aa3d6ed40ec592560e3ed94b653ef32
24,68.0,0.9999704,0.8099605,0.03705016,https://github.com/geoschem/geos-chem/blob/a4551f9442183bb572b23e9c2d362e2d34420d3a/GeosRad/rrtmg_sw_init.F90,GeosRad/rrtmg_sw_init.F90::swcldpr::extice3/ssaice3/asyice3,0ccf597d6aa3d6ed40ec592560e3ed94b653ef32
24,71.0,0.9999691,0.811989,0.03548357,https://github.com/geoschem/geos-chem/blob/a4551f9442183bb572b23e9c2d362e2d34420d3a/GeosRad/rrtmg_sw_init.F90,GeosRad/rrtmg_sw_init.F90::swcldpr::extice3/ssaice3/asyice3,0ccf597d6aa3d6ed40ec592560e3ed94b653ef32
24,74.0,0.9999678,0.8139645,0.034044,https://github.com/geoschem/geos-chem/blob/a4551f9442183bb572b23e9c2d362e2d34420d3a/GeosRad/rrtmg_sw_init.F90,GeosRad/rrtmg_sw_init.F90::swcldpr::extice3/ssaice3/asyice3,0ccf597d6aa3d6ed40ec592560e3ed94b653ef32
24,77.0,0.9999665,0.8158862,0.03271661,https://github.com/geoschem/geos-chem/blob/a4551f9442183bb572b23e9c2d362e2d34420d3a/GeosRad/rrtmg_sw_init.F90,GeosRad/rrtmg_sw_init.F90::swcldpr::extice3/ssaice3/asyice3,0ccf597d6aa3d6ed40ec592560e3ed94b653ef32
24,80.0,0.9999652,0.817753,0.03148877,https://github.com/geoschem/geos-chem/blob/a4551f9442183bb572b23e9c2d362e2d34420d3a/GeosRad/rrtmg_sw_init.F90,GeosRad/rrtmg_sw_init.F90::swcldpr::extice3/ssaice3/asyice3,0ccf597d6aa3d6ed40ec592560e3ed94b653ef32
24,83.0,0.9999639,0.8195641,0.03034969,https://github.com/geoschem/geos-chem/blob/a4551f9442183bb572b23e9c2d362e2d34420d3a/GeosRad/rrtmg_sw_init.F90,GeosRad/rrtmg_sw_init.F90::swcldpr::extice3/ssaice3/asyice3,0ccf597d6aa3d6ed40ec592560e3ed94b653ef32
24,86.0,0.9999626,0.8213183,0.02929008,https://github.com/geoschem/geos-chem/blob/a4551f9442183bb572b23e9c2d362e2d34420d3a/GeosRad/rrtmg_sw_init.F90,GeosRad/rrtmg_sw_init.F90::swcldpr::extice3/ssaice3/asyice3,0ccf597d6aa3d6ed40ec592560e3ed94b653ef32
24,89.0,0.9999613,0.8230149,0.02830191,https://github.com/geoschem/geos-chem/blob/a4551f9442183bb572b23e9c2d362e2d34420d3a/GeosRad/rrtmg_sw_init.F90,GeosRad/rrtmg_sw_init.F90::swcldpr::extice3/ssaice3/asyice3,0ccf597d6aa3d6ed40ec592560e3ed94b653ef32
24,92.0,0.99996,0.8246527,0.02737818,https://github.com/geoschem/geos-chem/blob/a4551f9442183bb572b23e9c2d362e2d34420d3a/GeosRad/rrtmg_sw_init.F90,GeosRad/rrtmg_sw_init.F90::swcldpr::extice3/ssaice3/asyice3,0ccf597d6aa3d6ed40ec592560e3ed94b653ef32
24,95.0,0.9999587,0.8262308,0.02651279,https://github.com/geoschem/geos-chem/blob/a4551f9442183bb572b23e9c2d362e2d34420d3a/GeosRad/rrtmg_sw_init.F90,GeosRad/rrtmg_sw_init.F90::swcldpr::extice3/ssaice3/asyice3,0ccf597d6aa3d6ed40ec592560e3ed94b653ef32
24,98.0,0.9999574,0.8277483,0.02570039,https://github.com/geoschem/geos-chem/blob/a4551f9442183bb572b23e9c2d362e2d34420d3a/GeosRad/rrtmg_sw_init.F90,GeosRad/rrtmg_sw_init.F90::swcldpr::extice3/ssaice3/asyice3,0ccf597d6aa3d6ed40ec592560e3ed94b653ef32
24,101.0,0.9999561,0.8292042,0.02493624,https://github.com/geoschem/geos-chem/blob/a4551f9442183bb572b23e9c2d362e2d34420d3a/GeosRad/rrtmg_sw_init.F90,GeosRad/rrtmg_sw_init.F90::swcldpr::extice3/ssaice3/asyice3,0ccf597d6aa3d6ed40ec592560e3ed94b653ef32
24,104.0,0.9999548,0.8305976,0.02421618,https://github.com/geoschem/geos-chem/blob/a4551f9442183bb572b23e9c2d362e2d34420d3a/GeosRad/rrtmg_sw_init.F90,GeosRad/rrtmg_sw_init.F90::swcldpr::extice3/ssaice3/asyice3,0ccf597d6aa3d6ed40ec592560e3ed94b653ef32
24,107.0,0.9999535,0.8319275,0.0235365,https://github.com/geoschem/geos-chem/blob/a4551f9442183bb572b23e9c2d362e2d34420d3a/GeosRad/rrtmg_sw_init.F90,GeosRad/rrtmg_sw_init.F90::swcldpr::extice3/ssaice3/asyice3,0ccf597d6aa3d6ed40ec592560e3ed94b653ef32
24,110.0,0.9999522,0.8331929,0.0228939,https://github.com/geoschem/geos-chem/blob/a4551f9442183bb572b23e9c2d362e2d34420d3a/GeosRad/rrtmg_sw_init.F90,GeosRad/rrtmg_sw_init.F90::swcldpr::extice3/ssaice3/asyice3,0ccf597d6aa3d6ed40ec592560e3ed94b653ef32
24,113.0,0.9999509,0.8343929,0.02228541,https://github.com/geoschem/geos-chem/blob/a4551f9442183bb572b23e9c2d362e2d34420d3a/GeosRad/rrtmg_sw_init.F90,GeosRad/rrtmg_sw_init.F90::swcldpr::extice3/ssaice3/asyice3,0ccf597d6aa3d6ed40ec592560e3ed94b653ef32
24,116.0,0.9999496,0.8355265,0.0217084,https://github.com/geoschem/geos-chem/blob/a4551f9442183bb572b23e9c2d362e2d34420d3a/GeosRad/rrtmg_sw_init.F90,GeosRad/rrtmg_sw_init.F90::swcldpr::extice3/ssaice3/asyice3,0ccf597d6aa3d6ed40ec592560e3ed94b653ef32
24,119.0,0.9999483,0.8365928,0.02116048,https://github.com/geoschem/geos-chem/blob/a4551f9442183bb572b23e9c2d362e2d34420d3a/GeosRad/rrtmg_sw_init.F90,GeosRad/rrtmg_sw_init.F90::swcldpr::extice3/ssaice3/asyice3,0ccf597d6aa3d6ed40ec592560e3ed94b653ef32
24,122.0,0.999947,0.8375909,0.0206395,https://github.com/geoschem/geos-chem/blob/a4551f9442183bb572b23e9c2d362e2d34420d3a/GeosRad/rrtmg_sw_init.F90,GeosRad/rrtmg_sw_init.F90::swcldpr::extice3/ssaice3/asyice3,0ccf597d6aa3d6ed40ec592560e3ed94b653ef32
24,125.0,0.9999457,0.8385197,0.02014354,https://github.com/geoschem/geos-chem/blob/a4551f9442183bb572b23e9c2d362e2d34420d3a/GeosRad/rrtmg_sw_init.F90,GeosRad/rrtmg_sw_init.F90::swcldpr::extice3/ssaice3/asyice3,0ccf597d6aa3d6ed40ec592560e3ed94b653ef32
24,128.0,0.9999444,0.8393784,0.01967082,https://github.com/geoschem/geos-chem/blob/a4551f9442183bb572b23e9c2d362e2d34420d3a/GeosRad/rrtmg_sw_init.F90,GeosRad/rrtmg_sw_init.F90::swcldpr::extice3/ssaice3/asyice3,0ccf597d6aa3d6ed40ec592560e3ed94b653ef32
24,131.0,0.9999431,0.8401659,0.01921975,https://github.com/geoschem/geos-chem/blob/a4551f9442183bb572b23e9c2d362e2d34420d3a/GeosRad/rrtmg_sw_init.F90,GeosRad/rrtmg_sw_init.F90::swcldpr::extice3/ssaice3/asyice3,0ccf597d6aa3d6ed40ec592560e3ed94b653ef32
24,134.0,0.9999418,0.8408815,0.01878888,https://github.com/geoschem/geos-chem/blob/a4551f9442183bb572b23e9c2d362e2d34420d3a/GeosRad/rrtmg_sw_init.F90,GeosRad/rrtmg_sw_init.F90::swcldpr::extice3/ssaice3/asyice3,0ccf597d6aa3d6ed40ec592560e3ed94b653ef32
24,137.0,0.9999405,0.841524,0.01837688,https://github.com/geoschem/geos-chem/blob/a4551f9442183bb572b23e9c2d362e2d34420d3a/GeosRad/rrtmg_sw_init.F90,GeosRad/rrtmg_sw_init.F90::swcldpr::extice3/ssaice3/asyice3,0ccf597d6aa3d6ed40ec592560e3ed94b653ef32
24,140.0,0.9999392,0.8420926,0.01798254,https://github.com/geoschem/geos-chem/blob/a4551f9442183bb572b23e9c2d362e2d34420d3a/GeosRad/rrtmg_sw_init.F90,GeosRad/rrtmg_sw_init.F90::swcldpr::extice3/ssaice3/asyice3,0ccf597d6aa3d6ed40ec592560e3ed94b653ef32
25,5.0,0.9999994,0.7548616,0.5022507,https://github.com/geoschem/geos-chem/blob/a4551f9442183bb572b23e9c2d362e2d34420d3a/GeosRad/rrtmg_sw_init.F90,GeosRad/rrtmg_sw_init.F90::swcldpr::extice3/ssaice3/asyice3,0ccf597d6aa3d6ed40ec592560e3ed94b653ef32
25,8.0,0.9999993,0.7575454,0.3139246,https://github.com/geoschem/geos-chem/blob/a4551f9442183bb572b23e9c2d362e2d34420d3a/GeosRad/rrtmg_sw_init.F90,GeosRad/rrtmg_sw_init.F90::swcldpr::extice3/ssaice3/asyice3,0ccf597d6aa3d6ed40ec592560e3ed94b653ef32
25,11.0,0.9999991,0.7602153,0.2283218,https://github.com/geoschem/geos-chem/blob/a4551f9442183bb572b23e9c2d362e2d34420d3a/GeosRad/rrtmg_sw_init.F90,GeosRad/rrtmg_sw_init.F90::swcldpr::extice3/ssaice3/asyice3,0ccf597d6aa3d6ed40ec592560e3ed94b653ef32
25,14.0,0.999999,0.7628696,0.1794059,https://github.com/geoschem/geos-chem/blob/a4551f9442183bb572b23e9c2d362e2d34420d3a/GeosRad/rrtmg_sw_init.F90,GeosRad/rrtmg_sw_init.F90::swcldpr::extice3/ssaice3/asyice3,0ccf597d6aa3d6ed40ec592560e3ed94b653ef32
25,17.0,0.9999989,0.7655067,0.1477544,https://github.com/geoschem/geos-chem/blob/a4551f9442183bb572b23e9c2d362e2d34420d3a/GeosRad/rrtmg_sw_init.F90,GeosRad/rrtmg_sw_init.F90::swcldpr::extice3/ssaice3/asyice3,0ccf597d6aa3d6ed40ec592560e3ed94b653ef32
25,20.0,0.9999987,0.7681249,0.1255984,https://github.com/geoschem/geos-chem/blob/a4551f9442183bb572b23e9c2d362e2d34420d3a/GeosRad/rrtmg_sw_init.F90,GeosRad/rrtmg_sw_init.F90::swcldpr::extice3/ssaice3/asyice3,0ccf597d6aa3d6ed40ec592560e3ed94b653ef32
25,23.0,0.9999986,0.7707225,0.1092222,https://github.com/geoschem/geos-chem/blob/a4551f9442183bb572b23e9c2d362e2d34420d3a/GeosRad/rrtmg_sw_init.F90,GeosRad/rrtmg_sw_init.F90::swcldpr::extice3/ssaice3/asyice3,0ccf597d6aa3d6ed40ec592560e3ed94b653ef32
25,26.0,0.9999984,0.7732978,0.09662516,https://github.com/geoschem/geos-chem/blob/a4551f9442183bb572b23e9c2d362e2d34420d3a/GeosRad/rrtmg_sw_init.F90,GeosRad/rrtmg_sw_init.F90::swcldpr::extice3/ssaice3/asyice3,0ccf597d6aa3d6ed40ec592560e3ed94b653ef32
25,29.0,0.9999983,0.7758492,0.08663439,https://github.com/geoschem/geos-chem/blob/a4551f9442183bb572b23e9c2d362e2d34420d3a/GeosRad/rrtmg_sw_init.F90,GeosRad/rrtmg_sw_init.F90::swcldpr::extice3/ssaice3/asyice3,0ccf597d6aa3d6ed40ec592560e3ed94b653ef32
25,32.0,0.9999982,0.778375,0.07851688,https://github.com/geoschem/geos-chem/blob/a4551f9442183bb572b23e9c2d362e2d34420d3a/GeosRad/rrtmg_sw_init.F90,GeosRad/rrtmg_sw_init.F90::swcldpr::extice3/ssaice3/asyice3,0ccf597d6aa3d6ed40ec592560e3ed94b653ef32
25,35.0,0.999998,0.7808735,0.07179095,https://github.com/geoschem/geos-chem/blob/a4551f9442183bb572b23e9c2d362e2d34420d3a/GeosRad/rrtmg_sw_init.F90,GeosRad/rrtmg_sw_init.F90::swcldpr::extice3/ssaice3/asyice3,0ccf597d6aa3d6ed40ec592560e3ed94b653ef32
25,38.0,0.9999979,0.783343,0.066127,https://github.com/geoschem/geos-chem/blob/a4551f9442183bb572b23e9c2d362e2d34420d3a/GeosRad/rrtmg_sw_init.F90,GeosRad/rrtmg_sw_init.F90::swcldpr::extice3/ssaice3/asyice3,0ccf597d6aa3d6ed40ec592560e3ed94b653ef32
25,41.0,0.9999977,0.7857819,0.06129193,https://github.com/geoschem/geos-chem/blob/a4551f9442183bb572b23e9c2d362e2d34420d3a/GeosRad/rrtmg_sw_init.F90,GeosRad/rrtmg_sw_init.F90::swcldpr::extice3/ssaice3/asyice3,0ccf597d6aa3d6ed40ec592560e3ed94b653ef32
25,44.0,0.9999976,0.7881886,0.05711618,https://github.com/geoschem/geos-chem/blob/a4551f9442183bb572b23e9c2d362e2d34420d3a/GeosRad/rrtmg_sw_init.F90,GeosRad/rrtmg_sw_init.F90::swcldpr::extice3/ssaice3/asyice3,0ccf597d6aa3d6ed40ec592560e3ed94b653ef32
25,47.0,0.9999975,0.7905612,0.05347351,https://github.com/geoschem/geos-chem/blob/a4551f9442183bb572b23e9c2d362e2d34420d3a/GeosRad/rrtmg_sw_init.F90,GeosRad/rrtmg_sw_init.F90::swcldpr::extice3/ssaice3/asyice3,0ccf597d6aa3d6ed40ec592560e3ed94b653ef32
25,50.0,0.9999973,0.7928983,0.05026796,https://github.com/geoschem/geos-chem/blob/a4551f9442183bb572b23e9c2d362e2d34420d3a/GeosRad/rrtmg_sw_init.F90,GeosRad/rrtmg_sw_init.F90::swcldpr::extice3/ssaice3/asyice3,0ccf597d6aa3d6ed40ec592560e3ed94b653ef32
25,53.0,0.9999972,0.795198,0.0474253,https://github.com/geoschem/geos-chem/blob/a4551f9442183bb572b23e9c2d362e2d34420d3a/GeosRad/rrtmg_sw_init.F90,GeosRad/rrtmg_sw_init.F90::swcldpr::extice3/ssaice3/asyice3,0ccf597d6aa3d6ed40ec592560e3ed94b653ef32
25,56.0,0.999997,0.7974588,0.04488721,https://github.com/geoschem/geos-chem/blob/a4551f9442183bb572b23e9c2d362e2d34420d3a/GeosRad/rrtmg_sw_init.F90,GeosRad/rrtmg_sw_init.F90::swcldpr::extice3/ssaice3/asyice3,0ccf597d6aa3d6ed40ec592560e3ed94b653ef32
25,59.0,0.9999969,0.7996789,0.04260724,https://github.com/geoschem/geos-chem/blob/a4551f9442183bb572b23e9c2d362e2d34420d3a/GeosRad/rrtmg_sw_init.F90,GeosRad/rrtmg_sw_init.F90::swcldpr::extice3/ssaice3/asyice3,0ccf597d6aa3d6ed40ec592560e3ed94b653ef32
25,62.0,0.9999967,0.8018567,0.0405479,https://github.com/geoschem/geos-chem/blob/a4551f9442183bb572b23e9c2d362e2d34420d3a/GeosRad/rrtmg_sw_init.F90,GeosRad/rrtmg_sw_init.F90::swcldpr::extice3/ssaice3/asyice3,0ccf597d6aa3d6ed40ec592560e3ed94b653ef32
25,65.0,0.9999966,0.8039905,0.03867866,https://github.com/geoschem/geos-chem/blob/a4551f9442183bb572b23e9c2d362e2d34420d3a/GeosRad/rrtmg_sw_init.F90,GeosRad/rrtmg_sw_init.F90::swcldpr::extice3/ssaice3/asyice3,0ccf597d6aa3d6ed40ec592560e3ed94b653ef32
25,68.0,0.9999965,0.8060787,0.03697435,https://github.com/geoschem/geos-chem/blob/a4551f9442183bb572b23e9c2d362e2d34420d3a/GeosRad/rrtmg_sw_init.F90,GeosRad/rrtmg_sw_init.F90::swcldpr::extice3/ssaice3/asyice3,0ccf597d6aa3d6ed40ec592560e3ed94b653ef32
25,71.0,0.9999963,0.8081196,0.03541407,https://github.com/geoschem/geos-chem/blob/a4551f9442183bb572b23e9c2d362e2d34420d3a/GeosRad/rrtmg_sw_init.F90,GeosRad/rrtmg_sw_init.F90::swcldpr::extice3/ssaice3/asyice3,0ccf597d6aa3d6ed40ec592560e3ed94b653ef32
25,74.0,0.9999962,0.8101115,0.03398029,https://github.com/geoschem/geos-chem/blob/a4551f9442183bb572b23e9c2d362e2d34420d3a/GeosRad/rrtmg_sw_init.F90,GeosRad/rrtmg_sw_init.F90::swcldpr::extice3/ssaice3/asyice3,0ccf597d6aa3d6ed40ec592560e3ed94b653ef32
25,77.0,0.999996,0.8120527,0.03265824,https://github.com/geoschem/geos-chem/blob/a4551f9442183bb572b23e9c2d362e2d34420d3a/GeosRad/rrtmg_sw_init.F90,GeosRad/rrtmg_sw_init.F90::swcldpr::extice3/ssaice3/asyice3,0ccf597d6aa3d6ed40ec592560e3ed94b653ef32
25,80.0,0.9999959,0.8139416,0.03143535,https://github.com/geoschem/geos-chem/blob/a4551f9442183bb572b23e9c2d362e2d34420d3a/GeosRad/rrtmg_sw_init.F90,GeosRad/rrtmg_sw_init.F90::swcldpr::extice3/ssaice3/asyice3,0ccf597d6aa3d6ed40ec592560e3ed94b653ef32
25,83.0,0.9999957,0.8157764,0.03030085,https://github.com/geoschem/geos-chem/blob/a4551f9442183bb572b23e9c2d362e2d34420d3a/GeosRad/rrtmg_sw_init.F90,GeosRad/rrtmg_sw_init.F90::swcldpr::extice3/ssaice3/asyice3,0ccf597d6aa3d6ed40ec592560e3ed94b653ef32
25,86.0,0.9999956,0.8175557,0.02924551,https://github.com/geoschem/geos-chem/blob/a4551f9442183bb572b23e9c2d362e2d34420d3a/GeosRad/rrtmg_sw_init.F90,GeosRad/rrtmg_sw_init.F90::swcldpr::extice3/ssaice3/asyice3,0ccf597d6aa3d6ed40ec592560e3ed94b653ef32
25,89.0,0.9999954,0.8192776,0.02826131,https://github.com/geoschem/geos-chem/blob/a4551f9442183bb572b23e9c2d362e2d34420d3a/GeosRad/rrtmg_sw_init.F90,GeosRad/rrtmg_sw_init.F90::swcldpr::extice3/ssaice3/asyice3,0ccf597d6aa3d6ed40ec592560e3ed94b653ef32
25,92.0,0.9999953,0.8209405,0.0273413,https://github.com/geoschem/geos-chem/blob/a4551f9442183bb572b23e9c2d362e2d34420d3a/GeosRad/rrtmg_sw_init.F90,GeosRad/rrtmg_sw_init.F90::swcldpr::extice3/ssaice3/asyice3,0ccf597d6aa3d6ed40ec592560e3ed94b653ef32
25,95.0,0.9999952,0.8225427,0.02647939,https://github.com/geoschem/geos-chem/blob/a4551f9442183bb572b23e9c2d362e2d34420d3a/GeosRad/rrtmg_sw_init.F90,GeosRad/rrtmg_sw_init.F90::swcldpr::extice3/ssaice3/asyice3,0ccf597d6aa3d6ed40ec592560e3ed94b653ef32
25,98.0,0.999995,0.8240826,0.02567026,https://github.com/geoschem/geos-chem/blob/a4551f9442183bb572b23e9c2d362e2d34420d3a/GeosRad/rrtmg_sw_init.F90,GeosRad/rrtmg_sw_init.F90::swcldpr::extice3/ssaice3/asyice3,0ccf597d6aa3d6ed40ec592560e3ed94b653ef32
25,101.0,0.9999949,0.8255585,0.02490919,https://github.com/geoschem/geos-chem/blob/a4551f9442183bb572b23e9c2d362e2d34420d3a/GeosRad/rrtmg_sw_init.F90,GeosRad/rrtmg_sw_init.F90::swcldpr::extice3/ssaice3/asyice3,0ccf597d6aa3d6ed40ec592560e3ed94b653ef32
25,104.0,0.9999947,0.8269688,0.02419203,https://github.com/geoschem/geos-chem/blob/a4551f9442183bb572b23e9c2d362e2d34420d3a/GeosRad/rrtmg_sw_init.F90,GeosRad/rrtmg_sw_init.F90::swcldpr::extice3/ssaice3/asyice3,0ccf597d6aa3d6ed40ec592560e3ed94b653ef32
25,107.0,0.9999946,0.8283117,0.02351509,https://github.com/geoschem/geos-chem/blob/a4551f9442183bb572b23e9c2d362e2d34420d3a/GeosRad/rrtmg_sw_init.F90,GeosRad/rrtmg_sw_init.F90::swcldpr::extice3/ssaice3/asyice3,0ccf597d6aa3d6ed40ec592560e3ed94b653ef32
25,110.0,0.9999944,0.8295856,0.02287507,https://github.com/geoschem/geos-chem/blob/a4551f9442183bb572b23e9c2d362e2d34420d3a/GeosRad/rrtmg_sw_init.F90,GeosRad/rrtmg_sw_init.F90::swcldpr::extice3/ssaice3/asyice3,0ccf597d6aa3d6ed40ec592560e3ed94b653ef32
25,113.0,0.9999943,0.8307889,0.02226903,https://github.com/geoschem/geos-chem/blob/a4551f9442183bb572b23e9c2d362e2d34420d3a/GeosRad/rrtmg_sw_init.F90,GeosRad/rrtmg_sw_init.F90::swcldpr::extice3/ssaice3/asyice3,0ccf597d6aa3d6ed40ec592560e3ed94b653ef32
25,116.0,0.9999941,0.8319198,0.02169434,https://github.com/geoschem/geos-chem/blob/a4551f9442183bb572b23e9c2d362e2d34420d3a/GeosRad/rrtmg_sw_init.F90,GeosRad/rrtmg_sw_init.F90::swcldpr::extice3/ssaice3/asyice3,0ccf597d6aa3d6ed40ec592560e3ed94b653ef32
25,119.0,0.999994,0.8329767,0.02114862,https://github.com/geoschem/geos-chem/blob/a4551f9442183bb572b23e9c2d362e2d34420d3a/GeosRad/rrtmg_sw_init.F90,GeosRad/rrtmg_sw_init.F90::swcldpr::extice3/ssaice3/asyice3,0ccf597d6aa3d6ed40ec592560e3ed94b653ef32
25,122.0,0.9999939,0.8339579,0.02062975,https://github.com/geoschem/geos-chem/blob/a4551f9442183bb572b23e9c2d362e2d34420d3a/GeosRad/rrtmg_sw_init.F90,GeosRad/rrtmg_sw_init.F90::swcldpr::extice3/ssaice3/asyice3,0ccf597d6aa3d6ed40ec592560e3ed94b653ef32
25,125.0,0.9999937,0.8348619,0.02013578,https://github.com/geoschem/geos-chem/blob/a4551f9442183bb572b23e9c2d362e2d34420d3a/GeosRad/rrtmg_sw_init.F90,GeosRad/rrtmg_sw_init.F90::swcldpr::extice3/ssaice3/asyice3,0ccf597d6aa3d6ed40ec592560e3ed94b653ef32
25,128.0,0.9999936,0.8356868,0.01966496,https://github.com/geoschem/geos-chem/blob/a4551f9442183bb572b23e9c2d362e2d34420d3a/GeosRad/rrtmg_sw_init.F90,GeosRad/rrtmg_sw_init.F90::swcldpr::extice3/ssaice3/asyice3,0ccf597d6aa3d6ed40ec592560e3ed94b653ef32
25,131.0,0.9999934,0.8364311,0.01921571,https://github.com/geoschem/geos-chem/blob/a4551f9442183bb572b23e9c2d362e2d34420d3a/GeosRad/rrtmg_sw_init.F90,GeosRad/rrtmg_sw_init.F90::swcldpr::extice3/ssaice3/asyice3,0ccf597d6aa3d6ed40ec592560e3ed94b653ef32
25,134.0,0.9999933,0.837093,0.01878658,https://github.com/geoschem/geos-chem/blob/a4551f9442183bb572b23e9c2d362e2d34420d3a/GeosRad/rrtmg_sw_init.F90,GeosRad/rrtmg_sw_init.F90::swcldpr::extice3/ssaice3/asyice3,0ccf597d6aa3d6ed40ec592560e3ed94b653ef32
25,137.0,0.9999931,0.837671,0.01837623,https://github.com/geoschem/geos-chem/blob/a4551f9442183bb572b23e9c2d362e2d34420d3a/GeosRad/rrtmg_sw_init.F90,GeosRad/rrtmg_sw_init.F90::swcldpr::extice3/ssaice3/asyice3,0ccf597d6aa3d6ed40ec592560e3ed94b653ef32
25,140.0,0.999993,0.8381633,0.01798348,https://github.com/geoschem/geos-chem/blob/a4551f9442183bb572b23e9c2d362e2d34420d3a/GeosRad/rrtmg_sw_init.F90,GeosRad/rrtmg_sw_init.F90::swcldpr::extice3/ssaice3/asyice3,0ccf597d6aa3d6ed40ec592560e3ed94b653ef32
